./esca_dataset/esca/esca_000_cam1.jpg,1
./esca_dataset/esca/esca_001_cam1.jpg,1
./esca_dataset/esca/esca_002_cam1.jpg,1
./esca_dataset/esca/esca_003_cam1.jpg,1
./esca_dataset/esca/esca_004_cam2.jpg,1
./esca_dataset/esca/esca_005_cam2.jpg,1
./esca_dataset/esca/esca_006_cam2.jpg,1
./esca_dataset/esca/esca_007_cam2.jpg,1
./esca_dataset/esca/esca_008_cam1.jpg,1
./esca_dataset/esca/esca_009_cam2.jpg,1
./esca_dataset/esca/esca_010_cam1.jpg,1
./esca_dataset/esca/esca_011_cam2.jpg,1
./esca_dataset/esca/esca_012_cam2.jpg,1
./esca_dataset/esca/esca_013_cam2.jpg,1
./esca_dataset/esca/esca_014_cam1.jpg,1
./esca_dataset/esca/esca_015_cam2.jpg,1
./esca_dataset/esca/esca_016_cam2.jpg,1
./esca_dataset/esca/esca_017_cam2.jpg,1
./esca_dataset/esca/esca_018_cam2.jpg,1
./esca_dataset/esca/esca_019_cam1.jpg,1
./esca_dataset/esca/esca_020_cam2.jpg,1
./esca_dataset/esca/esca_021_cam2.jpg,1
./esca_dataset/esca/esca_022_cam1.jpg,1
./esca_dataset/esca/esca_023_cam2.jpg,1
./esca_dataset/esca/esca_024_cam1.jpg,1
./esca_dataset/esca/esca_025_cam2.jpg,1
./esca_dataset/esca/esca_026_cam1.jpg,1
./esca_dataset/esca/esca_027_cam2.jpg,1
./esca_dataset/esca/esca_028_cam1.jpg,1
./esca_dataset/esca/esca_029_cam1.jpg,1
./esca_dataset/esca/esca_030_cam1.jpg,1
./esca_dataset/esca/esca_031_cam2.jpg,1
./esca_dataset/esca/esca_032_cam2.jpg,1
./esca_dataset/esca/esca_033_cam2.jpg,1
./esca_dataset/esca/esca_034_cam2.jpg,1
./esca_dataset/esca/esca_035_cam2.jpg,1
./esca_dataset/esca/esca_036_cam1.jpg,1
./esca_dataset/esca/esca_037_cam1.jpg,1
./esca_dataset/esca/esca_038_cam2.jpg,1
./esca_dataset/esca/esca_039_cam1.jpg,1
./esca_dataset/esca/esca_040_cam2.jpg,1
./esca_dataset/esca/esca_041_cam2.jpg,1
./esca_dataset/esca/esca_042_cam1.jpg,1
./esca_dataset/esca/esca_043_cam1.jpg,1
./esca_dataset/esca/esca_044_cam1.jpg,1
./esca_dataset/esca/esca_045_cam2.jpg,1
./esca_dataset/esca/esca_046_cam1.jpg,1
./esca_dataset/esca/esca_047_cam1.jpg,1
./esca_dataset/esca/esca_048_cam1.jpg,1
./esca_dataset/esca/esca_049_cam2.jpg,1
./esca_dataset/esca/esca_050_cam2.jpg,1
./esca_dataset/esca/esca_051_cam1.jpg,1
./esca_dataset/esca/esca_052_cam2.jpg,1
./esca_dataset/esca/esca_053_cam1.jpg,1
./esca_dataset/esca/esca_054_cam2.jpg,1
./esca_dataset/esca/esca_055_cam2.jpg,1
./esca_dataset/esca/esca_056_cam2.jpg,1
./esca_dataset/esca/esca_057_cam2.jpg,1
./esca_dataset/esca/esca_058_cam1.jpg,1
./esca_dataset/esca/esca_059_cam1.jpg,1
./esca_dataset/esca/esca_060_cam1.jpg,1
./esca_dataset/esca/esca_061_cam2.jpg,1
./esca_dataset/esca/esca_062_cam1.jpg,1
./esca_dataset/esca/esca_063_cam2.jpg,1
./esca_dataset/esca/esca_064_cam2.jpg,1
./esca_dataset/esca/esca_065_cam2.jpg,1
./esca_dataset/esca/esca_066_cam1.jpg,1
./esca_dataset/esca/esca_067_cam1.jpg,1
./esca_dataset/esca/esca_068_cam2.jpg,1
./esca_dataset/esca/esca_069_cam2.jpg,1
./esca_dataset/esca/esca_070_cam2.jpg,1
./esca_dataset/esca/esca_071_cam1.jpg,1
./esca_dataset/esca/esca_072_cam1.jpg,1
./esca_dataset/esca/esca_073_cam1.jpg,1
./esca_dataset/esca/esca_074_cam1.jpg,1
./esca_dataset/esca/esca_075_cam1.jpg,1
./esca_dataset/esca/esca_076_cam1.jpg,1
./esca_dataset/esca/esca_077_cam1.jpg,1
./esca_dataset/esca/esca_078_cam2.jpg,1
./esca_dataset/esca/esca_079_cam2.jpg,1
./esca_dataset/esca/esca_080_cam1.jpg,1
./esca_dataset/esca/esca_081_cam2.jpg,1
./esca_dataset/esca/esca_082_cam2.jpg,1
./esca_dataset/esca/esca_083_cam1.jpg,1
./esca_dataset/esca/esca_084_cam2.jpg,1
./esca_dataset/esca/esca_085_cam1.jpg,1
./esca_dataset/esca/esca_086_cam2.jpg,1
./esca_dataset/esca/esca_087_cam2.jpg,1
./esca_dataset/esca/esca_088_cam1.jpg,1
./esca_dataset/esca/esca_089_cam2.jpg,1
./esca_dataset/esca/esca_090_cam1.jpg,1
./esca_dataset/esca/esca_091_cam1.jpg,1
./esca_dataset/esca/esca_092_cam2.jpg,1
./esca_dataset/esca/esca_093_cam1.jpg,1
./esca_dataset/esca/esca_094_cam2.jpg,1
./esca_dataset/esca/esca_095_cam2.jpg,1
./esca_dataset/esca/esca_096_cam2.jpg,1
./esca_dataset/esca/esca_097_cam2.jpg,1
./esca_dataset/esca/esca_098_cam1.jpg,1
./esca_dataset/esca/esca_099_cam1.jpg,1
./esca_dataset/esca/esca_100_cam1.jpg,1
./esca_dataset/esca/esca_101_cam1.jpg,1
./esca_dataset/esca/esca_102_cam2.jpg,1
./esca_dataset/esca/esca_103_cam1.jpg,1
./esca_dataset/esca/esca_104_cam1.jpg,1
./esca_dataset/esca/esca_105_cam1.jpg,1
./esca_dataset/esca/esca_106_cam2.jpg,1
./esca_dataset/esca/esca_107_cam1.jpg,1
./esca_dataset/esca/esca_108_cam1.jpg,1
./esca_dataset/esca/esca_109_cam2.jpg,1
./esca_dataset/esca/esca_110_cam1.jpg,1
./esca_dataset/esca/esca_111_cam2.jpg,1
./esca_dataset/esca/esca_112_cam1.jpg,1
./esca_dataset/esca/esca_113_cam1.jpg,1
./esca_dataset/esca/esca_114_cam1.jpg,1
./esca_dataset/esca/esca_115_cam1.jpg,1
./esca_dataset/esca/esca_116_cam2.jpg,1
./esca_dataset/esca/esca_117_cam2.jpg,1
./esca_dataset/esca/esca_118_cam2.jpg,1
./esca_dataset/esca/esca_119_cam2.jpg,1
./esca_dataset/esca/esca_120_cam2.jpg,1
./esca_dataset/esca/esca_121_cam2.jpg,1
./esca_dataset/esca/esca_122_cam1.jpg,1
./esca_dataset/esca/esca_123_cam1.jpg,1
./esca_dataset/esca/esca_124_cam2.jpg,1
./esca_dataset/esca/esca_125_cam1.jpg,1
./esca_dataset/esca/esca_126_cam1.jpg,1
./esca_dataset/esca/esca_127_cam1.jpg,1
./esca_dataset/esca/esca_128_cam1.jpg,1
./esca_dataset/esca/esca_129_cam1.jpg,1
./esca_dataset/esca/esca_130_cam2.jpg,1
./esca_dataset/esca/esca_131_cam2.jpg,1
./esca_dataset/esca/esca_132_cam2.jpg,1
./esca_dataset/esca/esca_133_cam2.jpg,1
./esca_dataset/esca/esca_134_cam2.jpg,1
./esca_dataset/esca/esca_135_cam2.jpg,1
./esca_dataset/esca/esca_136_cam2.jpg,1
./esca_dataset/esca/esca_137_cam2.jpg,1
./esca_dataset/esca/esca_138_cam2.jpg,1
./esca_dataset/esca/esca_139_cam1.jpg,1
./esca_dataset/esca/esca_140_cam1.jpg,1
./esca_dataset/esca/esca_141_cam1.jpg,1
./esca_dataset/esca/esca_142_cam2.jpg,1
./esca_dataset/esca/esca_143_cam2.jpg,1
./esca_dataset/esca/esca_144_cam2.jpg,1
./esca_dataset/esca/esca_145_cam2.jpg,1
./esca_dataset/esca/esca_146_cam1.jpg,1
./esca_dataset/esca/esca_147_cam1.jpg,1
./esca_dataset/esca/esca_148_cam1.jpg,1
./esca_dataset/esca/esca_149_cam2.jpg,1
./esca_dataset/esca/esca_150_cam2.jpg,1
./esca_dataset/esca/esca_151_cam1.jpg,1
./esca_dataset/esca/esca_152_cam2.jpg,1
./esca_dataset/esca/esca_153_cam2.jpg,1
./esca_dataset/esca/esca_154_cam1.jpg,1
./esca_dataset/esca/esca_155_cam2.jpg,1
./esca_dataset/esca/esca_156_cam1.jpg,1
./esca_dataset/esca/esca_157_cam2.jpg,1
./esca_dataset/esca/esca_158_cam2.jpg,1
./esca_dataset/esca/esca_159_cam1.jpg,1
./esca_dataset/esca/esca_160_cam2.jpg,1
./esca_dataset/esca/esca_161_cam1.jpg,1
./esca_dataset/esca/esca_162_cam2.jpg,1
./esca_dataset/esca/esca_163_cam1.jpg,1
./esca_dataset/esca/esca_164_cam2.jpg,1
./esca_dataset/esca/esca_165_cam2.jpg,1
./esca_dataset/esca/esca_166_cam1.jpg,1
./esca_dataset/esca/esca_167_cam1.jpg,1
./esca_dataset/esca/esca_168_cam1.jpg,1
./esca_dataset/esca/esca_169_cam1.jpg,1
./esca_dataset/esca/esca_170_cam2.jpg,1
./esca_dataset/esca/esca_171_cam1.jpg,1
./esca_dataset/esca/esca_172_cam2.jpg,1
./esca_dataset/esca/esca_173_cam1.jpg,1
./esca_dataset/esca/esca_174_cam2.jpg,1
./esca_dataset/esca/esca_175_cam1.jpg,1
./esca_dataset/esca/esca_176_cam2.jpg,1
./esca_dataset/esca/esca_177_cam2.jpg,1
./esca_dataset/esca/esca_178_cam1.jpg,1
./esca_dataset/esca/esca_179_cam1.jpg,1
./esca_dataset/esca/esca_180_cam2.jpg,1
./esca_dataset/esca/esca_181_cam2.jpg,1
./esca_dataset/esca/esca_182_cam1.jpg,1
./esca_dataset/esca/esca_183_cam2.jpg,1
./esca_dataset/esca/esca_184_cam2.jpg,1
./esca_dataset/esca/esca_185_cam1.jpg,1
./esca_dataset/esca/esca_186_cam2.jpg,1
./esca_dataset/esca/esca_187_cam2.jpg,1
./esca_dataset/esca/esca_188_cam2.jpg,1
./esca_dataset/esca/esca_189_cam1.jpg,1
./esca_dataset/esca/esca_190_cam2.jpg,1
./esca_dataset/esca/esca_191_cam1.jpg,1
./esca_dataset/esca/esca_192_cam2.jpg,1
./esca_dataset/esca/esca_193_cam2.jpg,1
./esca_dataset/esca/esca_194_cam2.jpg,1
./esca_dataset/esca/esca_195_cam2.jpg,1
./esca_dataset/esca/esca_196_cam1.jpg,1
./esca_dataset/esca/esca_197_cam2.jpg,1
./esca_dataset/esca/esca_198_cam2.jpg,1
./esca_dataset/esca/esca_199_cam1.jpg,1
./esca_dataset/esca/esca_200_cam1.jpg,1
./esca_dataset/esca/esca_201_cam1.jpg,1
./esca_dataset/esca/esca_202_cam2.jpg,1
./esca_dataset/esca/esca_203_cam2.jpg,1
./esca_dataset/esca/esca_204_cam2.jpg,1
./esca_dataset/esca/esca_205_cam1.jpg,1
./esca_dataset/esca/esca_206_cam1.jpg,1
./esca_dataset/esca/esca_207_cam2.jpg,1
./esca_dataset/esca/esca_208_cam2.jpg,1
./esca_dataset/esca/esca_209_cam1.jpg,1
./esca_dataset/esca/esca_210_cam1.jpg,1
./esca_dataset/esca/esca_211_cam2.jpg,1
./esca_dataset/esca/esca_212_cam2.jpg,1
./esca_dataset/esca/esca_213_cam2.jpg,1
./esca_dataset/esca/esca_214_cam2.jpg,1
./esca_dataset/esca/esca_215_cam2.jpg,1
./esca_dataset/esca/esca_216_cam2.jpg,1
./esca_dataset/esca/esca_217_cam2.jpg,1
./esca_dataset/esca/esca_218_cam1.jpg,1
./esca_dataset/esca/esca_219_cam1.jpg,1
./esca_dataset/esca/esca_220_cam2.jpg,1
./esca_dataset/esca/esca_221_cam2.jpg,1
./esca_dataset/esca/esca_222_cam1.jpg,1
./esca_dataset/esca/esca_223_cam2.jpg,1
./esca_dataset/esca/esca_224_cam1.jpg,1
./esca_dataset/esca/esca_225_cam2.jpg,1
./esca_dataset/esca/esca_226_cam1.jpg,1
./esca_dataset/esca/esca_227_cam1.jpg,1
./esca_dataset/esca/esca_228_cam1.jpg,1
./esca_dataset/esca/esca_229_cam2.jpg,1
./esca_dataset/esca/esca_230_cam1.jpg,1
./esca_dataset/esca/esca_231_cam2.jpg,1
./esca_dataset/esca/esca_232_cam2.jpg,1
./esca_dataset/esca/esca_233_cam1.jpg,1
./esca_dataset/esca/esca_234_cam2.jpg,1
./esca_dataset/esca/esca_235_cam2.jpg,1
./esca_dataset/esca/esca_236_cam2.jpg,1
./esca_dataset/esca/esca_237_cam2.jpg,1
./esca_dataset/esca/esca_238_cam2.jpg,1
./esca_dataset/esca/esca_239_cam2.jpg,1
./esca_dataset/esca/esca_240_cam1.jpg,1
./esca_dataset/esca/esca_241_cam1.jpg,1
./esca_dataset/esca/esca_242_cam2.jpg,1
./esca_dataset/esca/esca_243_cam2.jpg,1
./esca_dataset/esca/esca_244_cam1.jpg,1
./esca_dataset/esca/esca_245_cam2.jpg,1
./esca_dataset/esca/esca_246_cam2.jpg,1
./esca_dataset/esca/esca_247_cam1.jpg,1
./esca_dataset/esca/esca_248_cam2.jpg,1
./esca_dataset/esca/esca_249_cam2.jpg,1
./esca_dataset/esca/esca_250_cam2.jpg,1
./esca_dataset/esca/esca_251_cam1.jpg,1
./esca_dataset/esca/esca_252_cam1.jpg,1
./esca_dataset/esca/esca_253_cam2.jpg,1
./esca_dataset/esca/esca_254_cam1.jpg,1
./esca_dataset/esca/esca_255_cam2.jpg,1
./esca_dataset/esca/esca_256_cam1.jpg,1
./esca_dataset/esca/esca_257_cam1.jpg,1
./esca_dataset/esca/esca_258_cam1.jpg,1
./esca_dataset/esca/esca_259_cam1.jpg,1
./esca_dataset/esca/esca_260_cam1.jpg,1
./esca_dataset/esca/esca_261_cam1.jpg,1
./esca_dataset/esca/esca_262_cam1.jpg,1
./esca_dataset/esca/esca_263_cam2.jpg,1
./esca_dataset/esca/esca_264_cam2.jpg,1
./esca_dataset/esca/esca_265_cam1.jpg,1
./esca_dataset/esca/esca_266_cam2.jpg,1
./esca_dataset/esca/esca_267_cam1.jpg,1
./esca_dataset/esca/esca_268_cam1.jpg,1
./esca_dataset/esca/esca_269_cam2.jpg,1
./esca_dataset/esca/esca_270_cam2.jpg,1
./esca_dataset/esca/esca_271_cam2.jpg,1
./esca_dataset/esca/esca_272_cam1.jpg,1
./esca_dataset/esca/esca_273_cam2.jpg,1
./esca_dataset/esca/esca_274_cam2.jpg,1
./esca_dataset/esca/esca_275_cam1.jpg,1
./esca_dataset/esca/esca_276_cam2.jpg,1
./esca_dataset/esca/esca_277_cam1.jpg,1
./esca_dataset/esca/esca_278_cam2.jpg,1
./esca_dataset/esca/esca_279_cam1.jpg,1
./esca_dataset/esca/esca_280_cam2.jpg,1
./esca_dataset/esca/esca_281_cam1.jpg,1
./esca_dataset/esca/esca_282_cam1.jpg,1
./esca_dataset/esca/esca_283_cam2.jpg,1
./esca_dataset/esca/esca_284_cam2.jpg,1
./esca_dataset/esca/esca_285_cam2.jpg,1
./esca_dataset/esca/esca_286_cam2.jpg,1
./esca_dataset/esca/esca_287_cam1.jpg,1
./esca_dataset/esca/esca_288_cam1.jpg,1
./esca_dataset/esca/esca_289_cam1.jpg,1
./esca_dataset/esca/esca_290_cam2.jpg,1
./esca_dataset/esca/esca_291_cam2.jpg,1
./esca_dataset/esca/esca_292_cam2.jpg,1
./esca_dataset/esca/esca_293_cam2.jpg,1
./esca_dataset/esca/esca_294_cam1.jpg,1
./esca_dataset/esca/esca_295_cam1.jpg,1
./esca_dataset/esca/esca_296_cam1.jpg,1
./esca_dataset/esca/esca_297_cam2.jpg,1
./esca_dataset/esca/esca_298_cam1.jpg,1
./esca_dataset/esca/esca_299_cam1.jpg,1
./esca_dataset/esca/esca_300_cam1.jpg,1
./esca_dataset/esca/esca_301_cam1.jpg,1
./esca_dataset/esca/esca_302_cam2.jpg,1
./esca_dataset/esca/esca_303_cam2.jpg,1
./esca_dataset/esca/esca_304_cam2.jpg,1
./esca_dataset/esca/esca_305_cam1.jpg,1
./esca_dataset/esca/esca_306_cam2.jpg,1
./esca_dataset/esca/esca_307_cam2.jpg,1
./esca_dataset/esca/esca_308_cam1.jpg,1
./esca_dataset/esca/esca_309_cam2.jpg,1
./esca_dataset/esca/esca_310_cam2.jpg,1
./esca_dataset/esca/esca_311_cam2.jpg,1
./esca_dataset/esca/esca_312_cam1.jpg,1
./esca_dataset/esca/esca_313_cam2.jpg,1
./esca_dataset/esca/esca_314_cam2.jpg,1
./esca_dataset/esca/esca_315_cam1.jpg,1
./esca_dataset/esca/esca_316_cam2.jpg,1
./esca_dataset/esca/esca_317_cam2.jpg,1
./esca_dataset/esca/esca_318_cam2.jpg,1
./esca_dataset/esca/esca_319_cam2.jpg,1
./esca_dataset/esca/esca_320_cam2.jpg,1
./esca_dataset/esca/esca_321_cam2.jpg,1
./esca_dataset/esca/esca_322_cam1.jpg,1
./esca_dataset/esca/esca_323_cam1.jpg,1
./esca_dataset/esca/esca_324_cam1.jpg,1
./esca_dataset/esca/esca_325_cam1.jpg,1
./esca_dataset/esca/esca_326_cam1.jpg,1
./esca_dataset/esca/esca_327_cam1.jpg,1
./esca_dataset/esca/esca_328_cam2.jpg,1
./esca_dataset/esca/esca_329_cam2.jpg,1
./esca_dataset/esca/esca_330_cam1.jpg,1
./esca_dataset/esca/esca_331_cam1.jpg,1
./esca_dataset/esca/esca_332_cam1.jpg,1
./esca_dataset/esca/esca_333_cam1.jpg,1
./esca_dataset/esca/esca_334_cam2.jpg,1
./esca_dataset/esca/esca_335_cam2.jpg,1
./esca_dataset/esca/esca_336_cam1.jpg,1
./esca_dataset/esca/esca_337_cam2.jpg,1
./esca_dataset/esca/esca_338_cam2.jpg,1
./esca_dataset/esca/esca_339_cam2.jpg,1
./esca_dataset/esca/esca_340_cam1.jpg,1
./esca_dataset/esca/esca_341_cam2.jpg,1
./esca_dataset/esca/esca_342_cam2.jpg,1
./esca_dataset/esca/esca_343_cam2.jpg,1
./esca_dataset/esca/esca_344_cam2.jpg,1
./esca_dataset/esca/esca_345_cam2.jpg,1
./esca_dataset/esca/esca_346_cam1.jpg,1
./esca_dataset/esca/esca_347_cam1.jpg,1
./esca_dataset/esca/esca_348_cam2.jpg,1
./esca_dataset/esca/esca_349_cam2.jpg,1
./esca_dataset/esca/esca_350_cam1.jpg,1
./esca_dataset/esca/esca_351_cam1.jpg,1
./esca_dataset/esca/esca_352_cam2.jpg,1
./esca_dataset/esca/esca_353_cam2.jpg,1
./esca_dataset/esca/esca_354_cam2.jpg,1
./esca_dataset/esca/esca_355_cam2.jpg,1
./esca_dataset/esca/esca_356_cam1.jpg,1
./esca_dataset/esca/esca_357_cam1.jpg,1
./esca_dataset/esca/esca_358_cam1.jpg,1
./esca_dataset/esca/esca_359_cam2.jpg,1
./esca_dataset/esca/esca_360_cam2.jpg,1
./esca_dataset/esca/esca_361_cam2.jpg,1
./esca_dataset/esca/esca_362_cam1.jpg,1
./esca_dataset/esca/esca_363_cam2.jpg,1
./esca_dataset/esca/esca_364_cam2.jpg,1
./esca_dataset/esca/esca_365_cam2.jpg,1
./esca_dataset/esca/esca_366_cam2.jpg,1
./esca_dataset/esca/esca_367_cam2.jpg,1
./esca_dataset/esca/esca_368_cam2.jpg,1
./esca_dataset/esca/esca_369_cam2.jpg,1
./esca_dataset/esca/esca_370_cam2.jpg,1
./esca_dataset/esca/esca_371_cam2.jpg,1
./esca_dataset/esca/esca_372_cam2.jpg,1
./esca_dataset/esca/esca_373_cam1.jpg,1
./esca_dataset/esca/esca_374_cam1.jpg,1
./esca_dataset/esca/esca_375_cam1.jpg,1
./esca_dataset/esca/esca_376_cam2.jpg,1
./esca_dataset/esca/esca_377_cam1.jpg,1
./esca_dataset/esca/esca_378_cam1.jpg,1
./esca_dataset/esca/esca_379_cam2.jpg,1
./esca_dataset/esca/esca_380_cam1.jpg,1
./esca_dataset/esca/esca_381_cam1.jpg,1
./esca_dataset/esca/esca_382_cam2.jpg,1
./esca_dataset/esca/esca_383_cam1.jpg,1
./esca_dataset/esca/esca_384_cam2.jpg,1
./esca_dataset/esca/esca_385_cam2.jpg,1
./esca_dataset/esca/esca_386_cam2.jpg,1
./esca_dataset/esca/esca_387_cam1.jpg,1
./esca_dataset/esca/esca_388_cam2.jpg,1
./esca_dataset/esca/esca_389_cam2.jpg,1
./esca_dataset/esca/esca_390_cam2.jpg,1
./esca_dataset/esca/esca_391_cam1.jpg,1
./esca_dataset/esca/esca_392_cam1.jpg,1
./esca_dataset/esca/esca_393_cam1.jpg,1
./esca_dataset/esca/esca_394_cam1.jpg,1
./esca_dataset/esca/esca_395_cam2.jpg,1
./esca_dataset/esca/esca_396_cam2.jpg,1
./esca_dataset/esca/esca_397_cam1.jpg,1
./esca_dataset/esca/esca_398_cam1.jpg,1
./esca_dataset/esca/esca_399_cam1.jpg,1
./esca_dataset/esca/esca_400_cam2.jpg,1
./esca_dataset/esca/esca_401_cam2.jpg,1
./esca_dataset/esca/esca_402_cam2.jpg,1
./esca_dataset/esca/esca_403_cam1.jpg,1
./esca_dataset/esca/esca_404_cam1.jpg,1
./esca_dataset/esca/esca_405_cam1.jpg,1
./esca_dataset/esca/esca_406_cam2.jpg,1
./esca_dataset/esca/esca_407_cam1.jpg,1
./esca_dataset/esca/esca_408_cam1.jpg,1
./esca_dataset/esca/esca_409_cam1.jpg,1
./esca_dataset/esca/esca_410_cam2.jpg,1
./esca_dataset/esca/esca_411_cam2.jpg,1
./esca_dataset/esca/esca_412_cam1.jpg,1
./esca_dataset/esca/esca_413_cam1.jpg,1
./esca_dataset/esca/esca_414_cam2.jpg,1
./esca_dataset/esca/esca_415_cam1.jpg,1
./esca_dataset/esca/esca_416_cam2.jpg,1
./esca_dataset/esca/esca_417_cam1.jpg,1
./esca_dataset/esca/esca_418_cam1.jpg,1
./esca_dataset/esca/esca_419_cam1.jpg,1
./esca_dataset/esca/esca_420_cam2.jpg,1
./esca_dataset/esca/esca_421_cam1.jpg,1
./esca_dataset/esca/esca_422_cam2.jpg,1
./esca_dataset/esca/esca_423_cam2.jpg,1
./esca_dataset/esca/esca_424_cam1.jpg,1
./esca_dataset/esca/esca_425_cam1.jpg,1
./esca_dataset/esca/esca_426_cam2.jpg,1
./esca_dataset/esca/esca_427_cam2.jpg,1
./esca_dataset/esca/esca_428_cam2.jpg,1
./esca_dataset/esca/esca_429_cam2.jpg,1
./esca_dataset/esca/esca_430_cam1.jpg,1
./esca_dataset/esca/esca_431_cam2.jpg,1
./esca_dataset/esca/esca_432_cam1.jpg,1
./esca_dataset/esca/esca_433_cam1.jpg,1
./esca_dataset/esca/esca_434_cam1.jpg,1
./esca_dataset/esca/esca_435_cam1.jpg,1
./esca_dataset/esca/esca_436_cam1.jpg,1
./esca_dataset/esca/esca_437_cam1.jpg,1
./esca_dataset/esca/esca_438_cam1.jpg,1
./esca_dataset/esca/esca_439_cam2.jpg,1
./esca_dataset/esca/esca_440_cam1.jpg,1
./esca_dataset/esca/esca_441_cam2.jpg,1
./esca_dataset/esca/esca_442_cam1.jpg,1
./esca_dataset/esca/esca_443_cam1.jpg,1
./esca_dataset/esca/esca_444_cam1.jpg,1
./esca_dataset/esca/esca_445_cam1.jpg,1
./esca_dataset/esca/esca_446_cam1.jpg,1
./esca_dataset/esca/esca_447_cam1.jpg,1
./esca_dataset/esca/esca_448_cam1.jpg,1
./esca_dataset/esca/esca_449_cam2.jpg,1
./esca_dataset/esca/esca_450_cam1.jpg,1
./esca_dataset/esca/esca_451_cam1.jpg,1
./esca_dataset/esca/esca_452_cam2.jpg,1
./esca_dataset/esca/esca_453_cam2.jpg,1
./esca_dataset/esca/esca_454_cam1.jpg,1
./esca_dataset/esca/esca_455_cam2.jpg,1
./esca_dataset/esca/esca_456_cam2.jpg,1
./esca_dataset/esca/esca_457_cam1.jpg,1
./esca_dataset/esca/esca_458_cam1.jpg,1
./esca_dataset/esca/esca_459_cam1.jpg,1
./esca_dataset/esca/esca_460_cam1.jpg,1
./esca_dataset/esca/esca_461_cam2.jpg,1
./esca_dataset/esca/esca_462_cam2.jpg,1
./esca_dataset/esca/esca_463_cam2.jpg,1
./esca_dataset/esca/esca_464_cam1.jpg,1
./esca_dataset/esca/esca_465_cam2.jpg,1
./esca_dataset/esca/esca_466_cam1.jpg,1
./esca_dataset/esca/esca_467_cam1.jpg,1
./esca_dataset/esca/esca_468_cam1.jpg,1
./esca_dataset/esca/esca_469_cam2.jpg,1
./esca_dataset/esca/esca_470_cam2.jpg,1
./esca_dataset/esca/esca_471_cam2.jpg,1
./esca_dataset/esca/esca_472_cam2.jpg,1
./esca_dataset/esca/esca_473_cam2.jpg,1
./esca_dataset/esca/esca_474_cam1.jpg,1
./esca_dataset/esca/esca_475_cam2.jpg,1
./esca_dataset/esca/esca_476_cam1.jpg,1
./esca_dataset/esca/esca_477_cam2.jpg,1
./esca_dataset/esca/esca_478_cam1.jpg,1
./esca_dataset/esca/esca_479_cam2.jpg,1
./esca_dataset/esca/esca_480_cam2.jpg,1
./esca_dataset/esca/esca_481_cam1.jpg,1
./esca_dataset/esca/esca_482_cam2.jpg,1
./esca_dataset/esca/esca_483_cam1.jpg,1
./esca_dataset/esca/esca_484_cam1.jpg,1
./esca_dataset/esca/esca_485_cam1.jpg,1
./esca_dataset/esca/esca_486_cam2.jpg,1
./esca_dataset/esca/esca_487_cam1.jpg,1
./esca_dataset/esca/esca_488_cam2.jpg,1
./esca_dataset/esca/esca_489_cam2.jpg,1
./esca_dataset/esca/esca_490_cam2.jpg,1
./esca_dataset/esca/esca_491_cam1.jpg,1
./esca_dataset/esca/esca_492_cam2.jpg,1
./esca_dataset/esca/esca_493_cam1.jpg,1
./esca_dataset/esca/esca_494_cam2.jpg,1
./esca_dataset/esca/esca_495_cam1.jpg,1
./esca_dataset/esca/esca_496_cam2.jpg,1
./esca_dataset/esca/esca_497_cam2.jpg,1
./esca_dataset/esca/esca_498_cam1.jpg,1
./esca_dataset/esca/esca_499_cam1.jpg,1
./esca_dataset/esca/esca_500_cam2.jpg,1
./esca_dataset/esca/esca_501_cam2.jpg,1
./esca_dataset/esca/esca_502_cam1.jpg,1
./esca_dataset/esca/esca_503_cam1.jpg,1
./esca_dataset/esca/esca_504_cam2.jpg,1
./esca_dataset/esca/esca_505_cam1.jpg,1
./esca_dataset/esca/esca_506_cam2.jpg,1
./esca_dataset/esca/esca_507_cam1.jpg,1
./esca_dataset/esca/esca_508_cam2.jpg,1
./esca_dataset/esca/esca_509_cam1.jpg,1
./esca_dataset/esca/esca_510_cam1.jpg,1
./esca_dataset/esca/esca_511_cam1.jpg,1
./esca_dataset/esca/esca_512_cam1.jpg,1
./esca_dataset/esca/esca_513_cam1.jpg,1
./esca_dataset/esca/esca_514_cam1.jpg,1
./esca_dataset/esca/esca_515_cam2.jpg,1
./esca_dataset/esca/esca_516_cam1.jpg,1
./esca_dataset/esca/esca_517_cam1.jpg,1
./esca_dataset/esca/esca_518_cam1.jpg,1
./esca_dataset/esca/esca_519_cam1.jpg,1
./esca_dataset/esca/esca_520_cam1.jpg,1
./esca_dataset/esca/esca_521_cam2.jpg,1
./esca_dataset/esca/esca_522_cam2.jpg,1
./esca_dataset/esca/esca_523_cam1.jpg,1
./esca_dataset/esca/esca_524_cam2.jpg,1
./esca_dataset/esca/esca_525_cam2.jpg,1
./esca_dataset/esca/esca_526_cam2.jpg,1
./esca_dataset/esca/esca_527_cam2.jpg,1
./esca_dataset/esca/esca_528_cam1.jpg,1
./esca_dataset/esca/esca_529_cam1.jpg,1
./esca_dataset/esca/esca_530_cam2.jpg,1
./esca_dataset/esca/esca_531_cam2.jpg,1
./esca_dataset/esca/esca_532_cam2.jpg,1
./esca_dataset/esca/esca_533_cam1.jpg,1
./esca_dataset/esca/esca_534_cam2.jpg,1
./esca_dataset/esca/esca_535_cam2.jpg,1
./esca_dataset/esca/esca_536_cam2.jpg,1
./esca_dataset/esca/esca_537_cam1.jpg,1
./esca_dataset/esca/esca_538_cam1.jpg,1
./esca_dataset/esca/esca_539_cam1.jpg,1
./esca_dataset/esca/esca_540_cam2.jpg,1
./esca_dataset/esca/esca_541_cam2.jpg,1
./esca_dataset/esca/esca_542_cam2.jpg,1
./esca_dataset/esca/esca_543_cam1.jpg,1
./esca_dataset/esca/esca_544_cam2.jpg,1
./esca_dataset/esca/esca_545_cam1.jpg,1
./esca_dataset/esca/esca_546_cam1.jpg,1
./esca_dataset/esca/esca_547_cam2.jpg,1
./esca_dataset/esca/esca_548_cam1.jpg,1
./esca_dataset/esca/esca_549_cam2.jpg,1
./esca_dataset/esca/esca_550_cam1.jpg,1
./esca_dataset/esca/esca_551_cam1.jpg,1
./esca_dataset/esca/esca_552_cam2.jpg,1
./esca_dataset/esca/esca_553_cam1.jpg,1
./esca_dataset/esca/esca_554_cam2.jpg,1
./esca_dataset/esca/esca_555_cam2.jpg,1
./esca_dataset/esca/esca_556_cam2.jpg,1
./esca_dataset/esca/esca_557_cam2.jpg,1
./esca_dataset/esca/esca_558_cam2.jpg,1
./esca_dataset/esca/esca_559_cam2.jpg,1
./esca_dataset/esca/esca_560_cam2.jpg,1
./esca_dataset/esca/esca_561_cam1.jpg,1
./esca_dataset/esca/esca_562_cam1.jpg,1
./esca_dataset/esca/esca_563_cam1.jpg,1
./esca_dataset/esca/esca_564_cam2.jpg,1
./esca_dataset/esca/esca_565_cam2.jpg,1
./esca_dataset/esca/esca_566_cam2.jpg,1
./esca_dataset/esca/esca_567_cam2.jpg,1
./esca_dataset/esca/esca_568_cam2.jpg,1
./esca_dataset/esca/esca_569_cam2.jpg,1
./esca_dataset/esca/esca_570_cam1.jpg,1
./esca_dataset/esca/esca_571_cam1.jpg,1
./esca_dataset/esca/esca_572_cam2.jpg,1
./esca_dataset/esca/esca_573_cam2.jpg,1
./esca_dataset/esca/esca_574_cam2.jpg,1
./esca_dataset/esca/esca_575_cam1.jpg,1
./esca_dataset/esca/esca_576_cam1.jpg,1
./esca_dataset/esca/esca_577_cam1.jpg,1
./esca_dataset/esca/esca_578_cam2.jpg,1
./esca_dataset/esca/esca_579_cam2.jpg,1
./esca_dataset/esca/esca_580_cam2.jpg,1
./esca_dataset/esca/esca_581_cam2.jpg,1
./esca_dataset/esca/esca_582_cam2.jpg,1
./esca_dataset/esca/esca_583_cam1.jpg,1
./esca_dataset/esca/esca_584_cam1.jpg,1
./esca_dataset/esca/esca_585_cam1.jpg,1
./esca_dataset/esca/esca_586_cam2.jpg,1
./esca_dataset/esca/esca_587_cam1.jpg,1
./esca_dataset/esca/esca_588_cam1.jpg,1
./esca_dataset/esca/esca_589_cam1.jpg,1
./esca_dataset/esca/esca_590_cam2.jpg,1
./esca_dataset/esca/esca_591_cam2.jpg,1
./esca_dataset/esca/esca_592_cam2.jpg,1
./esca_dataset/esca/esca_593_cam2.jpg,1
./esca_dataset/esca/esca_594_cam1.jpg,1
./esca_dataset/esca/esca_595_cam2.jpg,1
./esca_dataset/esca/esca_596_cam2.jpg,1
./esca_dataset/esca/esca_597_cam2.jpg,1
./esca_dataset/esca/esca_598_cam1.jpg,1
./esca_dataset/esca/esca_599_cam1.jpg,1
./esca_dataset/esca/esca_600_cam2.jpg,1
./esca_dataset/esca/esca_601_cam1.jpg,1
./esca_dataset/esca/esca_602_cam2.jpg,1
./esca_dataset/esca/esca_603_cam1.jpg,1
./esca_dataset/esca/esca_604_cam2.jpg,1
./esca_dataset/esca/esca_605_cam1.jpg,1
./esca_dataset/esca/esca_606_cam1.jpg,1
./esca_dataset/esca/esca_607_cam2.jpg,1
./esca_dataset/esca/esca_608_cam2.jpg,1
./esca_dataset/esca/esca_609_cam2.jpg,1
./esca_dataset/esca/esca_610_cam1.jpg,1
./esca_dataset/esca/esca_611_cam1.jpg,1
./esca_dataset/esca/esca_612_cam1.jpg,1
./esca_dataset/esca/esca_613_cam2.jpg,1
./esca_dataset/esca/esca_614_cam1.jpg,1
./esca_dataset/esca/esca_615_cam2.jpg,1
./esca_dataset/esca/esca_616_cam1.jpg,1
./esca_dataset/esca/esca_617_cam1.jpg,1
./esca_dataset/esca/esca_618_cam1.jpg,1
./esca_dataset/esca/esca_619_cam2.jpg,1
./esca_dataset/esca/esca_620_cam2.jpg,1
./esca_dataset/esca/esca_621_cam2.jpg,1
./esca_dataset/esca/esca_622_cam1.jpg,1
./esca_dataset/esca/esca_623_cam1.jpg,1
./esca_dataset/esca/esca_624_cam2.jpg,1
./esca_dataset/esca/esca_625_cam2.jpg,1
./esca_dataset/esca/esca_626_cam1.jpg,1
./esca_dataset/esca/esca_627_cam1.jpg,1
./esca_dataset/esca/esca_628_cam1.jpg,1
./esca_dataset/esca/esca_629_cam1.jpg,1
./esca_dataset/esca/esca_630_cam1.jpg,1
./esca_dataset/esca/esca_631_cam1.jpg,1
./esca_dataset/esca/esca_632_cam1.jpg,1
./esca_dataset/esca/esca_633_cam1.jpg,1
./esca_dataset/esca/esca_634_cam1.jpg,1
./esca_dataset/esca/esca_635_cam1.jpg,1
./esca_dataset/esca/esca_636_cam1.jpg,1
./esca_dataset/esca/esca_637_cam1.jpg,1
./esca_dataset/esca/esca_638_cam1.jpg,1
./esca_dataset/esca/esca_639_cam1.jpg,1
./esca_dataset/esca/esca_640_cam1.jpg,1
./esca_dataset/esca/esca_641_cam1.jpg,1
./esca_dataset/esca/esca_642_cam1.jpg,1
./esca_dataset/esca/esca_643_cam1.jpg,1
./esca_dataset/esca/esca_644_cam1.jpg,1
./esca_dataset/esca/esca_645_cam1.jpg,1
./esca_dataset/esca/esca_646_cam1.jpg,1
./esca_dataset/esca/esca_647_cam1.jpg,1
./esca_dataset/esca/esca_648_cam1.jpg,1
./esca_dataset/esca/esca_649_cam1.jpg,1
./esca_dataset/esca/esca_650_cam1.jpg,1
./esca_dataset/esca/esca_651_cam1.jpg,1
./esca_dataset/esca/esca_652_cam1.jpg,1
./esca_dataset/esca/esca_653_cam1.jpg,1
./esca_dataset/esca/esca_654_cam1.jpg,1
./esca_dataset/esca/esca_655_cam1.jpg,1
./esca_dataset/esca/esca_656_cam1.jpg,1
./esca_dataset/esca/esca_657_cam1.jpg,1
./esca_dataset/esca/esca_658_cam1.jpg,1
./esca_dataset/esca/esca_659_cam1.jpg,1
./esca_dataset/esca/esca_660_cam1.jpg,1
./esca_dataset/esca/esca_661_cam1.jpg,1
./esca_dataset/esca/esca_662_cam1.jpg,1
./esca_dataset/esca/esca_663_cam1.jpg,1
./esca_dataset/esca/esca_664_cam1.jpg,1
./esca_dataset/esca/esca_665_cam1.jpg,1
./esca_dataset/esca/esca_666_cam1.jpg,1
./esca_dataset/esca/esca_667_cam1.jpg,1
./esca_dataset/esca/esca_668_cam1.jpg,1
./esca_dataset/esca/esca_669_cam1.jpg,1
./esca_dataset/esca/esca_670_cam1.jpg,1
./esca_dataset/esca/esca_671_cam1.jpg,1
./esca_dataset/esca/esca_672_cam1.jpg,1
./esca_dataset/esca/esca_673_cam1.jpg,1
./esca_dataset/esca/esca_674_cam1.jpg,1
./esca_dataset/esca/esca_675_cam1.jpg,1
./esca_dataset/esca/esca_676_cam1.jpg,1
./esca_dataset/esca/esca_677_cam1.jpg,1
./esca_dataset/esca/esca_678_cam1.jpg,1
./esca_dataset/esca/esca_679_cam1.jpg,1
./esca_dataset/esca/esca_680_cam1.jpg,1
./esca_dataset/esca/esca_681_cam1.jpg,1
./esca_dataset/esca/esca_682_cam1.jpg,1
./esca_dataset/esca/esca_683_cam1.jpg,1
./esca_dataset/esca/esca_684_cam1.jpg,1
./esca_dataset/esca/esca_685_cam1.jpg,1
./esca_dataset/esca/esca_686_cam1.jpg,1
./esca_dataset/esca/esca_687_cam1.jpg,1
./esca_dataset/esca/esca_688_cam1.jpg,1
./esca_dataset/esca/esca_689_cam1.jpg,1
./esca_dataset/esca/esca_690_cam1.jpg,1
./esca_dataset/esca/esca_691_cam1.jpg,1
./esca_dataset/esca/esca_692_cam1.jpg,1
./esca_dataset/esca/esca_693_cam1.jpg,1
./esca_dataset/esca/esca_694_cam1.jpg,1
./esca_dataset/esca/esca_695_cam1.jpg,1
./esca_dataset/esca/esca_696_cam1.jpg,1
./esca_dataset/esca/esca_697_cam1.jpg,1
./esca_dataset/esca/esca_698_cam1.jpg,1
./esca_dataset/esca/esca_699_cam1.jpg,1
./esca_dataset/esca/esca_700_cam1.jpg,1
./esca_dataset/esca/esca_701_cam1.jpg,1
./esca_dataset/esca/esca_702_cam1.jpg,1
./esca_dataset/esca/esca_703_cam1.jpg,1
./esca_dataset/esca/esca_704_cam1.jpg,1
./esca_dataset/esca/esca_705_cam1.jpg,1
./esca_dataset/esca/esca_706_cam1.jpg,1
./esca_dataset/esca/esca_707_cam1.jpg,1
./esca_dataset/esca/esca_708_cam1.jpg,1
./esca_dataset/esca/esca_709_cam1.jpg,1
./esca_dataset/esca/esca_710_cam1.jpg,1
./esca_dataset/esca/esca_711_cam1.jpg,1
./esca_dataset/esca/esca_712_cam1.jpg,1
./esca_dataset/esca/esca_713_cam1.jpg,1
./esca_dataset/esca/esca_714_cam1.jpg,1
./esca_dataset/esca/esca_715_cam1.jpg,1
./esca_dataset/esca/esca_716_cam1.jpg,1
./esca_dataset/esca/esca_717_cam1.jpg,1
./esca_dataset/esca/esca_718_cam1.jpg,1
./esca_dataset/esca/esca_719_cam1.jpg,1
./esca_dataset/esca/esca_720_cam2.jpg,1
./esca_dataset/esca/esca_721_cam2.jpg,1
./esca_dataset/esca/esca_722_cam2.jpg,1
./esca_dataset/esca/esca_723_cam2.jpg,1
./esca_dataset/esca/esca_724_cam2.jpg,1
./esca_dataset/esca/esca_725_cam2.jpg,1
./esca_dataset/esca/esca_726_cam2.jpg,1
./esca_dataset/esca/esca_727_cam2.jpg,1
./esca_dataset/esca/esca_728_cam2.jpg,1
./esca_dataset/esca/esca_729_cam2.jpg,1
./esca_dataset/esca/esca_730_cam2.jpg,1
./esca_dataset/esca/esca_731_cam2.jpg,1
./esca_dataset/esca/esca_732_cam2.jpg,1
./esca_dataset/esca/esca_733_cam2.jpg,1
./esca_dataset/esca/esca_734_cam2.jpg,1
./esca_dataset/esca/esca_735_cam2.jpg,1
./esca_dataset/esca/esca_736_cam2.jpg,1
./esca_dataset/esca/esca_737_cam2.jpg,1
./esca_dataset/esca/esca_738_cam2.jpg,1
./esca_dataset/esca/esca_739_cam2.jpg,1
./esca_dataset/esca/esca_740_cam2.jpg,1
./esca_dataset/esca/esca_741_cam2.jpg,1
./esca_dataset/esca/esca_742_cam2.jpg,1
./esca_dataset/esca/esca_743_cam2.jpg,1
./esca_dataset/esca/esca_744_cam2.jpg,1
./esca_dataset/esca/esca_745_cam2.jpg,1
./esca_dataset/esca/esca_746_cam2.jpg,1
./esca_dataset/esca/esca_747_cam2.jpg,1
./esca_dataset/esca/esca_748_cam2.jpg,1
./esca_dataset/esca/esca_749_cam2.jpg,1
./esca_dataset/esca/esca_750_cam2.jpg,1
./esca_dataset/esca/esca_751_cam2.jpg,1
./esca_dataset/esca/esca_752_cam2.jpg,1
./esca_dataset/esca/esca_753_cam2.jpg,1
./esca_dataset/esca/esca_754_cam2.jpg,1
./esca_dataset/esca/esca_755_cam2.jpg,1
./esca_dataset/esca/esca_756_cam2.jpg,1
./esca_dataset/esca/esca_757_cam2.jpg,1
./esca_dataset/esca/esca_758_cam2.jpg,1
./esca_dataset/esca/esca_759_cam2.jpg,1
./esca_dataset/esca/esca_760_cam2.jpg,1
./esca_dataset/esca/esca_761_cam2.jpg,1
./esca_dataset/esca/esca_762_cam2.jpg,1
./esca_dataset/esca/esca_763_cam2.jpg,1
./esca_dataset/esca/esca_764_cam2.jpg,1
./esca_dataset/esca/esca_765_cam2.jpg,1
./esca_dataset/esca/esca_766_cam2.jpg,1
./esca_dataset/esca/esca_767_cam2.jpg,1
./esca_dataset/esca/esca_768_cam2.jpg,1
./esca_dataset/esca/esca_769_cam2.jpg,1
./esca_dataset/esca/esca_770_cam2.jpg,1
./esca_dataset/esca/esca_771_cam2.jpg,1
./esca_dataset/esca/esca_772_cam2.jpg,1
./esca_dataset/esca/esca_773_cam2.jpg,1
./esca_dataset/esca/esca_774_cam2.jpg,1
./esca_dataset/esca/esca_775_cam2.jpg,1
./esca_dataset/esca/esca_776_cam2.jpg,1
./esca_dataset/esca/esca_777_cam2.jpg,1
./esca_dataset/esca/esca_778_cam2.jpg,1
./esca_dataset/esca/esca_779_cam2.jpg,1
./esca_dataset/esca/esca_780_cam2.jpg,1
./esca_dataset/esca/esca_781_cam2.jpg,1
./esca_dataset/esca/esca_782_cam2.jpg,1
./esca_dataset/esca/esca_783_cam2.jpg,1
./esca_dataset/esca/esca_784_cam2.jpg,1
./esca_dataset/esca/esca_785_cam2.jpg,1
./esca_dataset/esca/esca_786_cam2.jpg,1
./esca_dataset/esca/esca_787_cam2.jpg,1
./esca_dataset/esca/esca_788_cam2.jpg,1
./esca_dataset/esca/esca_789_cam2.jpg,1
./esca_dataset/esca/esca_790_cam2.jpg,1
./esca_dataset/esca/esca_791_cam2.jpg,1
./esca_dataset/esca/esca_792_cam2.jpg,1
./esca_dataset/esca/esca_793_cam2.jpg,1
./esca_dataset/esca/esca_794_cam2.jpg,1
./esca_dataset/esca/esca_795_cam2.jpg,1
./esca_dataset/esca/esca_796_cam2.jpg,1
./esca_dataset/esca/esca_797_cam2.jpg,1
./esca_dataset/esca/esca_798_cam2.jpg,1
./esca_dataset/esca/esca_799_cam2.jpg,1
./esca_dataset/esca/esca_800_cam2.jpg,1
./esca_dataset/esca/esca_801_cam2.jpg,1
./esca_dataset/esca/esca_802_cam2.jpg,1
./esca_dataset/esca/esca_803_cam2.jpg,1
./esca_dataset/esca/esca_804_cam2.jpg,1
./esca_dataset/esca/esca_805_cam2.jpg,1
./esca_dataset/esca/esca_806_cam2.jpg,1
./esca_dataset/esca/esca_807_cam2.jpg,1
./esca_dataset/esca/esca_808_cam2.jpg,1
./esca_dataset/esca/esca_809_cam2.jpg,1
./esca_dataset/esca/esca_810_cam2.jpg,1
./esca_dataset/esca/esca_811_cam2.jpg,1
./esca_dataset/esca/esca_812_cam2.jpg,1
./esca_dataset/esca/esca_813_cam2.jpg,1
./esca_dataset/esca/esca_814_cam2.jpg,1
./esca_dataset/esca/esca_815_cam2.jpg,1
./esca_dataset/esca/esca_816_cam2.jpg,1
./esca_dataset/esca/esca_817_cam2.jpg,1
./esca_dataset/esca/esca_818_cam2.jpg,1
./esca_dataset/esca/esca_819_cam2.jpg,1
./esca_dataset/esca/esca_820_cam2.jpg,1
./esca_dataset/esca/esca_821_cam2.jpg,1
./esca_dataset/esca/esca_822_cam2.jpg,1
./esca_dataset/esca/esca_823_cam2.jpg,1
./esca_dataset/esca/esca_824_cam2.jpg,1
./esca_dataset/esca/esca_825_cam2.jpg,1
./esca_dataset/esca/esca_826_cam2.jpg,1
./esca_dataset/esca/esca_827_cam2.jpg,1
./esca_dataset/esca/esca_828_cam2.jpg,1
./esca_dataset/esca/esca_829_cam2.jpg,1
./esca_dataset/esca/esca_830_cam2.jpg,1
./esca_dataset/esca/esca_831_cam2.jpg,1
./esca_dataset/esca/esca_832_cam2.jpg,1
./esca_dataset/esca/esca_833_cam2.jpg,1
./esca_dataset/esca/esca_834_cam2.jpg,1
./esca_dataset/esca/esca_835_cam2.jpg,1
./esca_dataset/esca/esca_836_cam2.jpg,1
./esca_dataset/esca/esca_837_cam2.jpg,1
./esca_dataset/esca/esca_838_cam2.jpg,1
./esca_dataset/esca/esca_839_cam2.jpg,1
./esca_dataset/esca/esca_840_cam2.jpg,1
./esca_dataset/esca/esca_841_cam2.jpg,1
./esca_dataset/esca/esca_842_cam2.jpg,1
./esca_dataset/esca/esca_843_cam2.jpg,1
./esca_dataset/esca/esca_844_cam2.jpg,1
./esca_dataset/esca/esca_845_cam2.jpg,1
./esca_dataset/esca/esca_846_cam2.jpg,1
./esca_dataset/esca/esca_847_cam2.jpg,1
./esca_dataset/esca/esca_848_cam2.jpg,1
./esca_dataset/esca/esca_849_cam2.jpg,1
./esca_dataset/esca/esca_850_cam2.jpg,1
./esca_dataset/esca/esca_851_cam2.jpg,1
./esca_dataset/esca/esca_852_cam2.jpg,1
./esca_dataset/esca/esca_853_cam2.jpg,1
./esca_dataset/esca/esca_854_cam2.jpg,1
./esca_dataset/esca/esca_855_cam2.jpg,1
./esca_dataset/esca/esca_856_cam2.jpg,1
./esca_dataset/esca/esca_857_cam2.jpg,1
./esca_dataset/esca/esca_858_cam2.jpg,1
./esca_dataset/esca/esca_859_cam2.jpg,1
./esca_dataset/esca/esca_860_cam2.jpg,1
./esca_dataset/esca/esca_861_cam2.jpg,1
./esca_dataset/esca/esca_862_cam2.jpg,1
./esca_dataset/esca/esca_863_cam2.jpg,1
./esca_dataset/esca/esca_864_cam2.jpg,1
./esca_dataset/esca/esca_865_cam2.jpg,1
./esca_dataset/esca/esca_866_cam2.jpg,1
./esca_dataset/esca/esca_867_cam2.jpg,1
./esca_dataset/esca/esca_868_cam2.jpg,1
./esca_dataset/esca/esca_869_cam2.jpg,1
./esca_dataset/esca/esca_870_cam2.jpg,1
./esca_dataset/esca/esca_871_cam2.jpg,1
./esca_dataset/esca/esca_872_cam2.jpg,1
./esca_dataset/esca/esca_873_cam2.jpg,1
./esca_dataset/esca/esca_874_cam2.jpg,1
./esca_dataset/esca/esca_875_cam2.jpg,1
./esca_dataset/esca/esca_876_cam2.jpg,1
./esca_dataset/esca/esca_877_cam2.jpg,1
./esca_dataset/esca/esca_878_cam2.jpg,1
./esca_dataset/esca/esca_879_cam2.jpg,1
./esca_dataset/esca/esca_880_cam2.jpg,1
./esca_dataset/esca/esca_881_cam2.jpg,1
./esca_dataset/esca/esca_882_cam2.jpg,1
./esca_dataset/esca/esca_883_cam2.jpg,1
./esca_dataset/esca/esca_884_cam2.jpg,1
./esca_dataset/esca/esca_885_cam2.jpg,1
./esca_dataset/esca/esca_886_cam2.jpg,1
./esca_dataset/esca/esca_887_cam2.jpg,1
./esca_dataset/healthy/healthy_000_cam3.jpg,2
./esca_dataset/healthy/healthy_001_cam3.jpg,2
./esca_dataset/healthy/healthy_002_cam3.jpg,2
./esca_dataset/healthy/healthy_003_cam3.jpg,2
./esca_dataset/healthy/healthy_004_cam3.jpg,2
./esca_dataset/healthy/healthy_005_cam3.jpg,2
./esca_dataset/healthy/healthy_006_cam3.jpg,2
./esca_dataset/healthy/healthy_007_cam3.jpg,2
./esca_dataset/healthy/healthy_008_cam3.jpg,2
./esca_dataset/healthy/healthy_009_cam3.jpg,2
./esca_dataset/healthy/healthy_010_cam3.jpg,2
./esca_dataset/healthy/healthy_011_cam3.jpg,2
./esca_dataset/healthy/healthy_012_cam3.jpg,2
./esca_dataset/healthy/healthy_013_cam3.jpg,2
./esca_dataset/healthy/healthy_014_cam3.jpg,2
./esca_dataset/healthy/healthy_015_cam3.jpg,2
./esca_dataset/healthy/healthy_016_cam3.jpg,2
./esca_dataset/healthy/healthy_017_cam3.jpg,2
./esca_dataset/healthy/healthy_018_cam3.jpg,2
./esca_dataset/healthy/healthy_019_cam3.jpg,2
./esca_dataset/healthy/healthy_020_cam3.jpg,2
./esca_dataset/healthy/healthy_021_cam3.jpg,2
./esca_dataset/healthy/healthy_022_cam3.jpg,2
./esca_dataset/healthy/healthy_023_cam3.jpg,2
./esca_dataset/healthy/healthy_024_cam3.jpg,2
./esca_dataset/healthy/healthy_025_cam3.jpg,2
./esca_dataset/healthy/healthy_026_cam3.jpg,2
./esca_dataset/healthy/healthy_027_cam3.jpg,2
./esca_dataset/healthy/healthy_028_cam3.jpg,2
./esca_dataset/healthy/healthy_029_cam3.jpg,2
./esca_dataset/healthy/healthy_030_cam3.jpg,2
./esca_dataset/healthy/healthy_031_cam3.jpg,2
./esca_dataset/healthy/healthy_032_cam3.jpg,2
./esca_dataset/healthy/healthy_033_cam3.jpg,2
./esca_dataset/healthy/healthy_034_cam3.jpg,2
./esca_dataset/healthy/healthy_035_cam3.jpg,2
./esca_dataset/healthy/healthy_036_cam3.jpg,2
./esca_dataset/healthy/healthy_037_cam3.jpg,2
./esca_dataset/healthy/healthy_038_cam3.jpg,2
./esca_dataset/healthy/healthy_039_cam3.jpg,2
./esca_dataset/healthy/healthy_040_cam3.jpg,2
./esca_dataset/healthy/healthy_041_cam3.jpg,2
./esca_dataset/healthy/healthy_042_cam3.jpg,2
./esca_dataset/healthy/healthy_043_cam3.jpg,2
./esca_dataset/healthy/healthy_044_cam3.jpg,2
./esca_dataset/healthy/healthy_045_cam3.jpg,2
./esca_dataset/healthy/healthy_046_cam3.jpg,2
./esca_dataset/healthy/healthy_047_cam3.jpg,2
./esca_dataset/healthy/healthy_048_cam3.jpg,2
./esca_dataset/healthy/healthy_049_cam3.jpg,2
./esca_dataset/healthy/healthy_050_cam3.jpg,2
./esca_dataset/healthy/healthy_051_cam3.jpg,2
./esca_dataset/healthy/healthy_052_cam3.jpg,2
./esca_dataset/healthy/healthy_053_cam3.jpg,2
./esca_dataset/healthy/healthy_054_cam3.jpg,2
./esca_dataset/healthy/healthy_055_cam3.jpg,2
./esca_dataset/healthy/healthy_056_cam3.jpg,2
./esca_dataset/healthy/healthy_057_cam3.jpg,2
./esca_dataset/healthy/healthy_058_cam3.jpg,2
./esca_dataset/healthy/healthy_059_cam3.jpg,2
./esca_dataset/healthy/healthy_060_cam3.jpg,2
./esca_dataset/healthy/healthy_061_cam3.jpg,2
./esca_dataset/healthy/healthy_062_cam3.jpg,2
./esca_dataset/healthy/healthy_063_cam3.jpg,2
./esca_dataset/healthy/healthy_064_cam3.jpg,2
./esca_dataset/healthy/healthy_065_cam3.jpg,2
./esca_dataset/healthy/healthy_066_cam3.jpg,2
./esca_dataset/healthy/healthy_067_cam3.jpg,2
./esca_dataset/healthy/healthy_068_cam3.jpg,2
./esca_dataset/healthy/healthy_069_cam3.jpg,2
./esca_dataset/healthy/healthy_070_cam3.jpg,2
./esca_dataset/healthy/healthy_071_cam3.jpg,2
./esca_dataset/healthy/healthy_072_cam3.jpg,2
./esca_dataset/healthy/healthy_073_cam3.jpg,2
./esca_dataset/healthy/healthy_074_cam3.jpg,2
./esca_dataset/healthy/healthy_075_cam3.jpg,2
./esca_dataset/healthy/healthy_076_cam3.jpg,2
./esca_dataset/healthy/healthy_077_cam3.jpg,2
./esca_dataset/healthy/healthy_078_cam3.jpg,2
./esca_dataset/healthy/healthy_079_cam3.jpg,2
./esca_dataset/healthy/healthy_080_cam3.jpg,2
./esca_dataset/healthy/healthy_081_cam3.jpg,2
./esca_dataset/healthy/healthy_082_cam3.jpg,2
./esca_dataset/healthy/healthy_083_cam3.jpg,2
./esca_dataset/healthy/healthy_084_cam3.jpg,2
./esca_dataset/healthy/healthy_085_cam3.jpg,2
./esca_dataset/healthy/healthy_086_cam3.jpg,2
./esca_dataset/healthy/healthy_087_cam3.jpg,2
./esca_dataset/healthy/healthy_088_cam3.jpg,2
./esca_dataset/healthy/healthy_089_cam3.jpg,2
./esca_dataset/healthy/healthy_090_cam3.jpg,2
./esca_dataset/healthy/healthy_091_cam3.jpg,2
./esca_dataset/healthy/healthy_092_cam3.jpg,2
./esca_dataset/healthy/healthy_093_cam3.jpg,2
./esca_dataset/healthy/healthy_094_cam3.jpg,2
./esca_dataset/healthy/healthy_095_cam3.jpg,2
./esca_dataset/healthy/healthy_096_cam3.jpg,2
./esca_dataset/healthy/healthy_097_cam3.jpg,2
./esca_dataset/healthy/healthy_098_cam3.jpg,2
./esca_dataset/healthy/healthy_099_cam3.jpg,2
./esca_dataset/healthy/healthy_100_cam3.jpg,2
./esca_dataset/healthy/healthy_101_cam3.jpg,2
./esca_dataset/healthy/healthy_102_cam3.jpg,2
./esca_dataset/healthy/healthy_103_cam3.jpg,2
./esca_dataset/healthy/healthy_104_cam3.jpg,2
./esca_dataset/healthy/healthy_105_cam3.jpg,2
./esca_dataset/healthy/healthy_106_cam3.jpg,2
./esca_dataset/healthy/healthy_107_cam3.jpg,2
./esca_dataset/healthy/healthy_108_cam3.jpg,2
./esca_dataset/healthy/healthy_109_cam3.jpg,2
./esca_dataset/healthy/healthy_110_cam3.jpg,2
./esca_dataset/healthy/healthy_111_cam3.jpg,2
./esca_dataset/healthy/healthy_112_cam3.jpg,2
./esca_dataset/healthy/healthy_113_cam3.jpg,2
./esca_dataset/healthy/healthy_114_cam3.jpg,2
./esca_dataset/healthy/healthy_115_cam3.jpg,2
./esca_dataset/healthy/healthy_116_cam3.jpg,2
./esca_dataset/healthy/healthy_117_cam3.jpg,2
./esca_dataset/healthy/healthy_118_cam3.jpg,2
./esca_dataset/healthy/healthy_119_cam3.jpg,2
./esca_dataset/healthy/healthy_120_cam3.jpg,2
./esca_dataset/healthy/healthy_121_cam3.jpg,2
./esca_dataset/healthy/healthy_122_cam3.jpg,2
./esca_dataset/healthy/healthy_123_cam3.jpg,2
./esca_dataset/healthy/healthy_124_cam3.jpg,2
./esca_dataset/healthy/healthy_125_cam3.jpg,2
./esca_dataset/healthy/healthy_126_cam3.jpg,2
./esca_dataset/healthy/healthy_127_cam3.jpg,2
./esca_dataset/healthy/healthy_128_cam3.jpg,2
./esca_dataset/healthy/healthy_129_cam3.jpg,2
./esca_dataset/healthy/healthy_130_cam3.jpg,2
./esca_dataset/healthy/healthy_131_cam3.jpg,2
./esca_dataset/healthy/healthy_132_cam3.jpg,2
./esca_dataset/healthy/healthy_133_cam3.jpg,2
./esca_dataset/healthy/healthy_134_cam3.jpg,2
./esca_dataset/healthy/healthy_135_cam3.jpg,2
./esca_dataset/healthy/healthy_136_cam3.jpg,2
./esca_dataset/healthy/healthy_137_cam3.jpg,2
./esca_dataset/healthy/healthy_138_cam3.jpg,2
./esca_dataset/healthy/healthy_139_cam3.jpg,2
./esca_dataset/healthy/healthy_140_cam3.jpg,2
./esca_dataset/healthy/healthy_141_cam3.jpg,2
./esca_dataset/healthy/healthy_142_cam3.jpg,2
./esca_dataset/healthy/healthy_143_cam3.jpg,2
./esca_dataset/healthy/healthy_144_cam3.jpg,2
./esca_dataset/healthy/healthy_145_cam3.jpg,2
./esca_dataset/healthy/healthy_146_cam3.jpg,2
./esca_dataset/healthy/healthy_147_cam3.jpg,2
./esca_dataset/healthy/healthy_148_cam3.jpg,2
./esca_dataset/healthy/healthy_149_cam3.jpg,2
./esca_dataset/healthy/healthy_150_cam3.jpg,2
./esca_dataset/healthy/healthy_151_cam3.jpg,2
./esca_dataset/healthy/healthy_152_cam3.jpg,2
./esca_dataset/healthy/healthy_153_cam3.jpg,2
./esca_dataset/healthy/healthy_154_cam3.jpg,2
./esca_dataset/healthy/healthy_155_cam3.jpg,2
./esca_dataset/healthy/healthy_156_cam3.jpg,2
./esca_dataset/healthy/healthy_157_cam3.jpg,2
./esca_dataset/healthy/healthy_158_cam3.jpg,2
./esca_dataset/healthy/healthy_159_cam3.jpg,2
./esca_dataset/healthy/healthy_160_cam3.jpg,2
./esca_dataset/healthy/healthy_161_cam3.jpg,2
./esca_dataset/healthy/healthy_162_cam3.jpg,2
./esca_dataset/healthy/healthy_163_cam3.jpg,2
./esca_dataset/healthy/healthy_164_cam3.jpg,2
./esca_dataset/healthy/healthy_165_cam3.jpg,2
./esca_dataset/healthy/healthy_166_cam3.jpg,2
./esca_dataset/healthy/healthy_167_cam3.jpg,2
./esca_dataset/healthy/healthy_168_cam3.jpg,2
./esca_dataset/healthy/healthy_169_cam3.jpg,2
./esca_dataset/healthy/healthy_170_cam3.jpg,2
./esca_dataset/healthy/healthy_171_cam3.jpg,2
./esca_dataset/healthy/healthy_172_cam3.jpg,2
./esca_dataset/healthy/healthy_173_cam3.jpg,2
./esca_dataset/healthy/healthy_174_cam3.jpg,2
./esca_dataset/healthy/healthy_175_cam3.jpg,2
./esca_dataset/healthy/healthy_176_cam3.jpg,2
./esca_dataset/healthy/healthy_177_cam3.jpg,2
./esca_dataset/healthy/healthy_178_cam3.jpg,2
./esca_dataset/healthy/healthy_179_cam3.jpg,2
./esca_dataset/healthy/healthy_180_cam3.jpg,2
./esca_dataset/healthy/healthy_181_cam3.jpg,2
./esca_dataset/healthy/healthy_182_cam3.jpg,2
./esca_dataset/healthy/healthy_183_cam3.jpg,2
./esca_dataset/healthy/healthy_184_cam3.jpg,2
./esca_dataset/healthy/healthy_185_cam3.jpg,2
./esca_dataset/healthy/healthy_186_cam3.jpg,2
./esca_dataset/healthy/healthy_187_cam3.jpg,2
./esca_dataset/healthy/healthy_188_cam3.jpg,2
./esca_dataset/healthy/healthy_189_cam3.jpg,2
./esca_dataset/healthy/healthy_190_cam3.jpg,2
./esca_dataset/healthy/healthy_191_cam3.jpg,2
./esca_dataset/healthy/healthy_192_cam3.jpg,2
./esca_dataset/healthy/healthy_193_cam3.jpg,2
./esca_dataset/healthy/healthy_194_cam3.jpg,2
./esca_dataset/healthy/healthy_195_cam3.jpg,2
./esca_dataset/healthy/healthy_196_cam3.jpg,2
./esca_dataset/healthy/healthy_197_cam3.jpg,2
./esca_dataset/healthy/healthy_198_cam3.jpg,2
./esca_dataset/healthy/healthy_199_cam3.jpg,2
./esca_dataset/healthy/healthy_200_cam3.jpg,2
./esca_dataset/healthy/healthy_201_cam3.jpg,2
./esca_dataset/healthy/healthy_202_cam3.jpg,2
./esca_dataset/healthy/healthy_203_cam3.jpg,2
./esca_dataset/healthy/healthy_204_cam3.jpg,2
./esca_dataset/healthy/healthy_205_cam3.jpg,2
./esca_dataset/healthy/healthy_206_cam3.jpg,2
./esca_dataset/healthy/healthy_207_cam3.jpg,2
./esca_dataset/healthy/healthy_208_cam3.jpg,2
./esca_dataset/healthy/healthy_209_cam3.jpg,2
./esca_dataset/healthy/healthy_210_cam3.jpg,2
./esca_dataset/healthy/healthy_211_cam3.jpg,2
./esca_dataset/healthy/healthy_212_cam3.jpg,2
./esca_dataset/healthy/healthy_213_cam3.jpg,2
./esca_dataset/healthy/healthy_214_cam3.jpg,2
./esca_dataset/healthy/healthy_215_cam3.jpg,2
./esca_dataset/healthy/healthy_216_cam3.jpg,2
./esca_dataset/healthy/healthy_217_cam3.jpg,2
./esca_dataset/healthy/healthy_218_cam3.jpg,2
./esca_dataset/healthy/healthy_219_cam3.jpg,2
./esca_dataset/healthy/healthy_220_cam3.jpg,2
./esca_dataset/healthy/healthy_221_cam3.jpg,2
./esca_dataset/healthy/healthy_222_cam3.jpg,2
./esca_dataset/healthy/healthy_223_cam3.jpg,2
./esca_dataset/healthy/healthy_224_cam3.jpg,2
./esca_dataset/healthy/healthy_225_cam3.jpg,2
./esca_dataset/healthy/healthy_226_cam3.jpg,2
./esca_dataset/healthy/healthy_227_cam3.jpg,2
./esca_dataset/healthy/healthy_228_cam3.jpg,2
./esca_dataset/healthy/healthy_229_cam3.jpg,2
./esca_dataset/healthy/healthy_230_cam3.jpg,2
./esca_dataset/healthy/healthy_231_cam3.jpg,2
./esca_dataset/healthy/healthy_232_cam3.jpg,2
./esca_dataset/healthy/healthy_233_cam3.jpg,2
./esca_dataset/healthy/healthy_234_cam3.jpg,2
./esca_dataset/healthy/healthy_235_cam3.jpg,2
./esca_dataset/healthy/healthy_236_cam3.jpg,2
./esca_dataset/healthy/healthy_237_cam3.jpg,2
./esca_dataset/healthy/healthy_238_cam3.jpg,2
./esca_dataset/healthy/healthy_239_cam3.jpg,2
./esca_dataset/healthy/healthy_240_cam3.jpg,2
./esca_dataset/healthy/healthy_241_cam3.jpg,2
./esca_dataset/healthy/healthy_242_cam3.jpg,2
./esca_dataset/healthy/healthy_243_cam3.jpg,2
./esca_dataset/healthy/healthy_244_cam3.jpg,2
./esca_dataset/healthy/healthy_245_cam3.jpg,2
./esca_dataset/healthy/healthy_246_cam3.jpg,2
./esca_dataset/healthy/healthy_247_cam3.jpg,2
./esca_dataset/healthy/healthy_248_cam3.jpg,2
./esca_dataset/healthy/healthy_249_cam3.jpg,2
./esca_dataset/healthy/healthy_250_cam3.jpg,2
./esca_dataset/healthy/healthy_251_cam3.jpg,2
./esca_dataset/healthy/healthy_252_cam3.jpg,2
./esca_dataset/healthy/healthy_253_cam3.jpg,2
./esca_dataset/healthy/healthy_254_cam3.jpg,2
./esca_dataset/healthy/healthy_255_cam3.jpg,2
./esca_dataset/healthy/healthy_256_cam3.jpg,2
./esca_dataset/healthy/healthy_257_cam3.jpg,2
./esca_dataset/healthy/healthy_258_cam3.jpg,2
./esca_dataset/healthy/healthy_259_cam3.jpg,2
./esca_dataset/healthy/healthy_260_cam3.jpg,2
./esca_dataset/healthy/healthy_261_cam3.jpg,2
./esca_dataset/healthy/healthy_262_cam3.jpg,2
./esca_dataset/healthy/healthy_263_cam3.jpg,2
./esca_dataset/healthy/healthy_264_cam3.jpg,2
./esca_dataset/healthy/healthy_265_cam3.jpg,2
./esca_dataset/healthy/healthy_266_cam3.jpg,2
./esca_dataset/healthy/healthy_267_cam3.jpg,2
./esca_dataset/healthy/healthy_268_cam3.jpg,2
./esca_dataset/healthy/healthy_269_cam3.jpg,2
./esca_dataset/healthy/healthy_270_cam3.jpg,2
./esca_dataset/healthy/healthy_271_cam3.jpg,2
./esca_dataset/healthy/healthy_272_cam3.jpg,2
./esca_dataset/healthy/healthy_273_cam3.jpg,2
./esca_dataset/healthy/healthy_274_cam3.jpg,2
./esca_dataset/healthy/healthy_275_cam3.jpg,2
./esca_dataset/healthy/healthy_276_cam3.jpg,2
./esca_dataset/healthy/healthy_277_cam3.jpg,2
./esca_dataset/healthy/healthy_278_cam3.jpg,2
./esca_dataset/healthy/healthy_279_cam3.jpg,2
./esca_dataset/healthy/healthy_280_cam3.jpg,2
./esca_dataset/healthy/healthy_281_cam3.jpg,2
./esca_dataset/healthy/healthy_282_cam3.jpg,2
./esca_dataset/healthy/healthy_283_cam3.jpg,2
./esca_dataset/healthy/healthy_284_cam3.jpg,2
./esca_dataset/healthy/healthy_285_cam3.jpg,2
./esca_dataset/healthy/healthy_286_cam3.jpg,2
./esca_dataset/healthy/healthy_287_cam3.jpg,2
./esca_dataset/healthy/healthy_288_cam3.jpg,2
./esca_dataset/healthy/healthy_289_cam3.jpg,2
./esca_dataset/healthy/healthy_290_cam3.jpg,2
./esca_dataset/healthy/healthy_291_cam3.jpg,2
./esca_dataset/healthy/healthy_292_cam3.jpg,2
./esca_dataset/healthy/healthy_293_cam3.jpg,2
./esca_dataset/healthy/healthy_294_cam3.jpg,2
./esca_dataset/healthy/healthy_295_cam3.jpg,2
./esca_dataset/healthy/healthy_296_cam3.jpg,2
./esca_dataset/healthy/healthy_297_cam3.jpg,2
./esca_dataset/healthy/healthy_298_cam3.jpg,2
./esca_dataset/healthy/healthy_299_cam3.jpg,2
./esca_dataset/healthy/healthy_300_cam3.jpg,2
./esca_dataset/healthy/healthy_301_cam3.jpg,2
./esca_dataset/healthy/healthy_302_cam3.jpg,2
./esca_dataset/healthy/healthy_303_cam3.jpg,2
./esca_dataset/healthy/healthy_304_cam3.jpg,2
./esca_dataset/healthy/healthy_305_cam3.jpg,2
./esca_dataset/healthy/healthy_306_cam3.jpg,2
./esca_dataset/healthy/healthy_307_cam3.jpg,2
./esca_dataset/healthy/healthy_308_cam3.jpg,2
./esca_dataset/healthy/healthy_309_cam3.jpg,2
./esca_dataset/healthy/healthy_310_cam3.jpg,2
./esca_dataset/healthy/healthy_311_cam3.jpg,2
./esca_dataset/healthy/healthy_312_cam3.jpg,2
./esca_dataset/healthy/healthy_313_cam3.jpg,2
./esca_dataset/healthy/healthy_314_cam3.jpg,2
./esca_dataset/healthy/healthy_315_cam3.jpg,2
./esca_dataset/healthy/healthy_316_cam3.jpg,2
./esca_dataset/healthy/healthy_317_cam3.jpg,2
./esca_dataset/healthy/healthy_318_cam3.jpg,2
./esca_dataset/healthy/healthy_319_cam3.jpg,2
./esca_dataset/healthy/healthy_320_cam3.jpg,2
./esca_dataset/healthy/healthy_321_cam3.jpg,2
./esca_dataset/healthy/healthy_322_cam3.jpg,2
./esca_dataset/healthy/healthy_323_cam3.jpg,2
./esca_dataset/healthy/healthy_324_cam3.jpg,2
./esca_dataset/healthy/healthy_325_cam3.jpg,2
./esca_dataset/healthy/healthy_326_cam3.jpg,2
./esca_dataset/healthy/healthy_327_cam3.jpg,2
./esca_dataset/healthy/healthy_328_cam3.jpg,2
./esca_dataset/healthy/healthy_329_cam3.jpg,2
./esca_dataset/healthy/healthy_330_cam3.jpg,2
./esca_dataset/healthy/healthy_331_cam3.jpg,2
./esca_dataset/healthy/healthy_332_cam3.jpg,2
./esca_dataset/healthy/healthy_333_cam3.jpg,2
./esca_dataset/healthy/healthy_334_cam3.jpg,2
./esca_dataset/healthy/healthy_335_cam3.jpg,2
./esca_dataset/healthy/healthy_336_cam3.jpg,2
./esca_dataset/healthy/healthy_337_cam3.jpg,2
./esca_dataset/healthy/healthy_338_cam3.jpg,2
./esca_dataset/healthy/healthy_339_cam3.jpg,2
./esca_dataset/healthy/healthy_340_cam3.jpg,2
./esca_dataset/healthy/healthy_341_cam3.jpg,2
./esca_dataset/healthy/healthy_342_cam3.jpg,2
./esca_dataset/healthy/healthy_343_cam3.jpg,2
./esca_dataset/healthy/healthy_344_cam3.jpg,2
./esca_dataset/healthy/healthy_345_cam3.jpg,2
./esca_dataset/healthy/healthy_346_cam3.jpg,2
./esca_dataset/healthy/healthy_347_cam3.jpg,2
./esca_dataset/healthy/healthy_348_cam3.jpg,2
./esca_dataset/healthy/healthy_349_cam3.jpg,2
./esca_dataset/healthy/healthy_350_cam3.jpg,2
./esca_dataset/healthy/healthy_351_cam3.jpg,2
./esca_dataset/healthy/healthy_352_cam3.jpg,2
./esca_dataset/healthy/healthy_353_cam3.jpg,2
./esca_dataset/healthy/healthy_354_cam3.jpg,2
./esca_dataset/healthy/healthy_355_cam3.jpg,2
./esca_dataset/healthy/healthy_356_cam3.jpg,2
./esca_dataset/healthy/healthy_357_cam3.jpg,2
./esca_dataset/healthy/healthy_358_cam3.jpg,2
./esca_dataset/healthy/healthy_359_cam3.jpg,2
./esca_dataset/healthy/healthy_360_cam3.jpg,2
./esca_dataset/healthy/healthy_361_cam3.jpg,2
./esca_dataset/healthy/healthy_362_cam3.jpg,2
./esca_dataset/healthy/healthy_363_cam3.jpg,2
./esca_dataset/healthy/healthy_364_cam3.jpg,2
./esca_dataset/healthy/healthy_365_cam3.jpg,2
./esca_dataset/healthy/healthy_366_cam3.jpg,2
./esca_dataset/healthy/healthy_367_cam3.jpg,2
./esca_dataset/healthy/healthy_368_cam3.jpg,2
./esca_dataset/healthy/healthy_369_cam3.jpg,2
./esca_dataset/healthy/healthy_370_cam3.jpg,2
./esca_dataset/healthy/healthy_371_cam3.jpg,2
./esca_dataset/healthy/healthy_372_cam3.jpg,2
./esca_dataset/healthy/healthy_373_cam3.jpg,2
./esca_dataset/healthy/healthy_374_cam3.jpg,2
./esca_dataset/healthy/healthy_375_cam3.jpg,2
./esca_dataset/healthy/healthy_376_cam3.jpg,2
./esca_dataset/healthy/healthy_377_cam3.jpg,2
./esca_dataset/healthy/healthy_378_cam3.jpg,2
./esca_dataset/healthy/healthy_379_cam3.jpg,2
./esca_dataset/healthy/healthy_380_cam3.jpg,2
./esca_dataset/healthy/healthy_381_cam3.jpg,2
./esca_dataset/healthy/healthy_382_cam3.jpg,2
./esca_dataset/healthy/healthy_383_cam3.jpg,2
./esca_dataset/healthy/healthy_384_cam3.jpg,2
./esca_dataset/healthy/healthy_385_cam3.jpg,2
./esca_dataset/healthy/healthy_386_cam3.jpg,2
./esca_dataset/healthy/healthy_387_cam3.jpg,2
./esca_dataset/healthy/healthy_388_cam3.jpg,2
./esca_dataset/healthy/healthy_389_cam3.jpg,2
./esca_dataset/healthy/healthy_390_cam3.jpg,2
./esca_dataset/healthy/healthy_391_cam3.jpg,2
./esca_dataset/healthy/healthy_392_cam3.jpg,2
./esca_dataset/healthy/healthy_393_cam3.jpg,2
./esca_dataset/healthy/healthy_394_cam3.jpg,2
./esca_dataset/healthy/healthy_395_cam3.jpg,2
./esca_dataset/healthy/healthy_396_cam3.jpg,2
./esca_dataset/healthy/healthy_397_cam3.jpg,2
./esca_dataset/healthy/healthy_398_cam3.jpg,2
./esca_dataset/healthy/healthy_399_cam3.jpg,2
./esca_dataset/healthy/healthy_400_cam3.jpg,2
./esca_dataset/healthy/healthy_401_cam3.jpg,2
./esca_dataset/healthy/healthy_402_cam3.jpg,2
./esca_dataset/healthy/healthy_403_cam3.jpg,2
./esca_dataset/healthy/healthy_404_cam3.jpg,2
./esca_dataset/healthy/healthy_405_cam3.jpg,2
./esca_dataset/healthy/healthy_406_cam3.jpg,2
./esca_dataset/healthy/healthy_407_cam3.jpg,2
./esca_dataset/healthy/healthy_408_cam3.jpg,2
./esca_dataset/healthy/healthy_409_cam3.jpg,2
./esca_dataset/healthy/healthy_410_cam3.jpg,2
./esca_dataset/healthy/healthy_411_cam3.jpg,2
./esca_dataset/healthy/healthy_412_cam3.jpg,2
./esca_dataset/healthy/healthy_413_cam3.jpg,2
./esca_dataset/healthy/healthy_414_cam3.jpg,2
./esca_dataset/healthy/healthy_415_cam3.jpg,2
./esca_dataset/healthy/healthy_416_cam3.jpg,2
./esca_dataset/healthy/healthy_417_cam3.jpg,2
./esca_dataset/healthy/healthy_418_cam3.jpg,2
./esca_dataset/healthy/healthy_419_cam3.jpg,2
./esca_dataset/healthy/healthy_420_cam3.jpg,2
./esca_dataset/healthy/healthy_421_cam3.jpg,2
./esca_dataset/healthy/healthy_422_cam3.jpg,2
./esca_dataset/healthy/healthy_423_cam3.jpg,2
./esca_dataset/healthy/healthy_424_cam3.jpg,2
./esca_dataset/healthy/healthy_425_cam3.jpg,2
./esca_dataset/healthy/healthy_426_cam3.jpg,2
./esca_dataset/healthy/healthy_427_cam3.jpg,2
./esca_dataset/healthy/healthy_428_cam3.jpg,2
./esca_dataset/healthy/healthy_429_cam3.jpg,2
./esca_dataset/healthy/healthy_430_cam3.jpg,2
./esca_dataset/healthy/healthy_431_cam3.jpg,2
./esca_dataset/healthy/healthy_432_cam3.jpg,2
./esca_dataset/healthy/healthy_433_cam3.jpg,2
./esca_dataset/healthy/healthy_434_cam3.jpg,2
./esca_dataset/healthy/healthy_435_cam3.jpg,2
./esca_dataset/healthy/healthy_436_cam3.jpg,2
./esca_dataset/healthy/healthy_437_cam3.jpg,2
./esca_dataset/healthy/healthy_438_cam3.jpg,2
./esca_dataset/healthy/healthy_439_cam3.jpg,2
./esca_dataset/healthy/healthy_440_cam3.jpg,2
./esca_dataset/healthy/healthy_441_cam3.jpg,2
./esca_dataset/healthy/healthy_442_cam3.jpg,2
./esca_dataset/healthy/healthy_443_cam3.jpg,2
./esca_dataset/healthy/healthy_444_cam3.jpg,2
./esca_dataset/healthy/healthy_445_cam3.jpg,2
./esca_dataset/healthy/healthy_446_cam3.jpg,2
./esca_dataset/healthy/healthy_447_cam3.jpg,2
./esca_dataset/healthy/healthy_448_cam3.jpg,2
./esca_dataset/healthy/healthy_449_cam3.jpg,2
./esca_dataset/healthy/healthy_450_cam3.jpg,2
./esca_dataset/healthy/healthy_451_cam3.jpg,2
./esca_dataset/healthy/healthy_452_cam3.jpg,2
./esca_dataset/healthy/healthy_453_cam3.jpg,2
./esca_dataset/healthy/healthy_454_cam3.jpg,2
./esca_dataset/healthy/healthy_455_cam3.jpg,2
./esca_dataset/healthy/healthy_456_cam3.jpg,2
./esca_dataset/healthy/healthy_457_cam3.jpg,2
./esca_dataset/healthy/healthy_458_cam3.jpg,2
./esca_dataset/healthy/healthy_459_cam3.jpg,2
./esca_dataset/healthy/healthy_460_cam3.jpg,2
./esca_dataset/healthy/healthy_461_cam3.jpg,2
./esca_dataset/healthy/healthy_462_cam3.jpg,2
./esca_dataset/healthy/healthy_463_cam3.jpg,2
./esca_dataset/healthy/healthy_464_cam3.jpg,2
./esca_dataset/healthy/healthy_465_cam3.jpg,2
./esca_dataset/healthy/healthy_466_cam3.jpg,2
./esca_dataset/healthy/healthy_467_cam3.jpg,2
./esca_dataset/healthy/healthy_468_cam3.jpg,2
./esca_dataset/healthy/healthy_469_cam3.jpg,2
./esca_dataset/healthy/healthy_470_cam3.jpg,2
./esca_dataset/healthy/healthy_471_cam3.jpg,2
./esca_dataset/healthy/healthy_472_cam3.jpg,2
./esca_dataset/healthy/healthy_473_cam3.jpg,2
./esca_dataset/healthy/healthy_474_cam3.jpg,2
./esca_dataset/healthy/healthy_475_cam3.jpg,2
./esca_dataset/healthy/healthy_476_cam3.jpg,2
./esca_dataset/healthy/healthy_477_cam3.jpg,2
./esca_dataset/healthy/healthy_478_cam3.jpg,2
./esca_dataset/healthy/healthy_479_cam3.jpg,2
./esca_dataset/healthy/healthy_480_cam3.jpg,2
./esca_dataset/healthy/healthy_481_cam3.jpg,2
./esca_dataset/healthy/healthy_482_cam3.jpg,2
./esca_dataset/healthy/healthy_483_cam3.jpg,2
./esca_dataset/healthy/healthy_484_cam3.jpg,2
./esca_dataset/healthy/healthy_485_cam3.jpg,2
./esca_dataset/healthy/healthy_486_cam3.jpg,2
./esca_dataset/healthy/healthy_487_cam3.jpg,2
./esca_dataset/healthy/healthy_488_cam3.jpg,2
./esca_dataset/healthy/healthy_489_cam3.jpg,2
./esca_dataset/healthy/healthy_490_cam3.jpg,2
./esca_dataset/healthy/healthy_491_cam3.jpg,2
./esca_dataset/healthy/healthy_492_cam3.jpg,2
./esca_dataset/healthy/healthy_493_cam3.jpg,2
./esca_dataset/healthy/healthy_494_cam3.jpg,2
./esca_dataset/healthy/healthy_495_cam3.jpg,2
./esca_dataset/healthy/healthy_496_cam3.jpg,2
./esca_dataset/healthy/healthy_497_cam3.jpg,2
./esca_dataset/healthy/healthy_498_cam3.jpg,2
./esca_dataset/healthy/healthy_499_cam3.jpg,2
./esca_dataset/healthy/healthy_500_cam3.jpg,2
./esca_dataset/healthy/healthy_501_cam3.jpg,2
./esca_dataset/healthy/healthy_502_cam3.jpg,2
./esca_dataset/healthy/healthy_503_cam3.jpg,2
./esca_dataset/healthy/healthy_504_cam3.jpg,2
./esca_dataset/healthy/healthy_505_cam3.jpg,2
./esca_dataset/healthy/healthy_506_cam3.jpg,2
./esca_dataset/healthy/healthy_507_cam3.jpg,2
./esca_dataset/healthy/healthy_508_cam3.jpg,2
./esca_dataset/healthy/healthy_509_cam3.jpg,2
./esca_dataset/healthy/healthy_510_cam3.jpg,2
./esca_dataset/healthy/healthy_511_cam3.jpg,2
./esca_dataset/healthy/healthy_512_cam3.jpg,2
./esca_dataset/healthy/healthy_513_cam3.jpg,2
./esca_dataset/healthy/healthy_514_cam3.jpg,2
./esca_dataset/healthy/healthy_515_cam3.jpg,2
./esca_dataset/healthy/healthy_516_cam3.jpg,2
./esca_dataset/healthy/healthy_517_cam3.jpg,2
./esca_dataset/healthy/healthy_518_cam3.jpg,2
./esca_dataset/healthy/healthy_519_cam3.jpg,2
./esca_dataset/healthy/healthy_520_cam3.jpg,2
./esca_dataset/healthy/healthy_521_cam3.jpg,2
./esca_dataset/healthy/healthy_522_cam3.jpg,2
./esca_dataset/healthy/healthy_523_cam3.jpg,2
./esca_dataset/healthy/healthy_524_cam3.jpg,2
./esca_dataset/healthy/healthy_525_cam3.jpg,2
./esca_dataset/healthy/healthy_526_cam3.jpg,2
./esca_dataset/healthy/healthy_527_cam3.jpg,2
./esca_dataset/healthy/healthy_528_cam3.jpg,2
./esca_dataset/healthy/healthy_529_cam3.jpg,2
./esca_dataset/healthy/healthy_530_cam3.jpg,2
./esca_dataset/healthy/healthy_531_cam3.jpg,2
./esca_dataset/healthy/healthy_532_cam3.jpg,2
./esca_dataset/healthy/healthy_533_cam3.jpg,2
./esca_dataset/healthy/healthy_534_cam3.jpg,2
./esca_dataset/healthy/healthy_535_cam3.jpg,2
./esca_dataset/healthy/healthy_536_cam3.jpg,2
./esca_dataset/healthy/healthy_537_cam3.jpg,2
./esca_dataset/healthy/healthy_538_cam3.jpg,2
./esca_dataset/healthy/healthy_539_cam3.jpg,2
./esca_dataset/healthy/healthy_540_cam3.jpg,2
./esca_dataset/healthy/healthy_541_cam3.jpg,2
./esca_dataset/healthy/healthy_542_cam3.jpg,2
./esca_dataset/healthy/healthy_543_cam3.jpg,2
./esca_dataset/healthy/healthy_544_cam3.jpg,2
./esca_dataset/healthy/healthy_545_cam3.jpg,2
./esca_dataset/healthy/healthy_546_cam3.jpg,2
./esca_dataset/healthy/healthy_547_cam3.jpg,2
./esca_dataset/healthy/healthy_548_cam3.jpg,2
./esca_dataset/healthy/healthy_549_cam3.jpg,2
./esca_dataset/healthy/healthy_550_cam3.jpg,2
./esca_dataset/healthy/healthy_551_cam3.jpg,2
./esca_dataset/healthy/healthy_552_cam3.jpg,2
./esca_dataset/healthy/healthy_553_cam3.jpg,2
./esca_dataset/healthy/healthy_554_cam3.jpg,2
./esca_dataset/healthy/healthy_555_cam3.jpg,2
./esca_dataset/healthy/healthy_556_cam3.jpg,2
./esca_dataset/healthy/healthy_557_cam3.jpg,2
./esca_dataset/healthy/healthy_558_cam3.jpg,2
./esca_dataset/healthy/healthy_559_cam3.jpg,2
./esca_dataset/healthy/healthy_560_cam3.jpg,2
./esca_dataset/healthy/healthy_561_cam3.jpg,2
./esca_dataset/healthy/healthy_562_cam3.jpg,2
./esca_dataset/healthy/healthy_563_cam3.jpg,2
./esca_dataset/healthy/healthy_564_cam3.jpg,2
./esca_dataset/healthy/healthy_565_cam3.jpg,2
./esca_dataset/healthy/healthy_566_cam3.jpg,2
./esca_dataset/healthy/healthy_567_cam3.jpg,2
./esca_dataset/healthy/healthy_568_cam3.jpg,2
./esca_dataset/healthy/healthy_569_cam3.jpg,2
./esca_dataset/healthy/healthy_570_cam3.jpg,2
./esca_dataset/healthy/healthy_571_cam3.jpg,2
./esca_dataset/healthy/healthy_572_cam3.jpg,2
./esca_dataset/healthy/healthy_573_cam3.jpg,2
./esca_dataset/healthy/healthy_574_cam3.jpg,2
./esca_dataset/healthy/healthy_575_cam3.jpg,2
./esca_dataset/healthy/healthy_576_cam3.jpg,2
./esca_dataset/healthy/healthy_577_cam3.jpg,2
./esca_dataset/healthy/healthy_578_cam3.jpg,2
./esca_dataset/healthy/healthy_579_cam3.jpg,2
./esca_dataset/healthy/healthy_580_cam3.jpg,2
./esca_dataset/healthy/healthy_581_cam3.jpg,2
./esca_dataset/healthy/healthy_582_cam3.jpg,2
./esca_dataset/healthy/healthy_583_cam3.jpg,2
./esca_dataset/healthy/healthy_584_cam3.jpg,2
./esca_dataset/healthy/healthy_585_cam3.jpg,2
./esca_dataset/healthy/healthy_586_cam3.jpg,2
./esca_dataset/healthy/healthy_587_cam3.jpg,2
./esca_dataset/healthy/healthy_588_cam3.jpg,2
./esca_dataset/healthy/healthy_589_cam3.jpg,2
./esca_dataset/healthy/healthy_590_cam3.jpg,2
./esca_dataset/healthy/healthy_591_cam3.jpg,2
./esca_dataset/healthy/healthy_592_cam3.jpg,2
./esca_dataset/healthy/healthy_593_cam3.jpg,2
./esca_dataset/healthy/healthy_594_cam3.jpg,2
./esca_dataset/healthy/healthy_595_cam3.jpg,2
./esca_dataset/healthy/healthy_596_cam3.jpg,2
./esca_dataset/healthy/healthy_597_cam3.jpg,2
./esca_dataset/healthy/healthy_598_cam3.jpg,2
./esca_dataset/healthy/healthy_599_cam3.jpg,2
./esca_dataset/healthy/healthy_600_cam3.jpg,2
./esca_dataset/healthy/healthy_601_cam3.jpg,2
./esca_dataset/healthy/healthy_602_cam3.jpg,2
./esca_dataset/healthy/healthy_603_cam3.jpg,2
./esca_dataset/healthy/healthy_604_cam3.jpg,2
./esca_dataset/healthy/healthy_605_cam3.jpg,2
./esca_dataset/healthy/healthy_606_cam3.jpg,2
./esca_dataset/healthy/healthy_607_cam3.jpg,2
./esca_dataset/healthy/healthy_608_cam3.jpg,2
./esca_dataset/healthy/healthy_609_cam3.jpg,2
./esca_dataset/healthy/healthy_610_cam3.jpg,2
./esca_dataset/healthy/healthy_611_cam3.jpg,2
./esca_dataset/healthy/healthy_612_cam3.jpg,2
./esca_dataset/healthy/healthy_613_cam3.jpg,2
./esca_dataset/healthy/healthy_614_cam3.jpg,2
./esca_dataset/healthy/healthy_615_cam3.jpg,2
./esca_dataset/healthy/healthy_616_cam3.jpg,2
./esca_dataset/healthy/healthy_617_cam3.jpg,2
./esca_dataset/healthy/healthy_618_cam3.jpg,2
./esca_dataset/healthy/healthy_619_cam3.jpg,2
./esca_dataset/healthy/healthy_620_cam3.jpg,2
./esca_dataset/healthy/healthy_621_cam3.jpg,2
./esca_dataset/healthy/healthy_622_cam3.jpg,2
./esca_dataset/healthy/healthy_623_cam3.jpg,2
./esca_dataset/healthy/healthy_624_cam3.jpg,2
./esca_dataset/healthy/healthy_625_cam3.jpg,2
./esca_dataset/healthy/healthy_626_cam3.jpg,2
./esca_dataset/healthy/healthy_627_cam3.jpg,2
./esca_dataset/healthy/healthy_628_cam3.jpg,2
./esca_dataset/healthy/healthy_629_cam3.jpg,2
./esca_dataset/healthy/healthy_630_cam3.jpg,2
./esca_dataset/healthy/healthy_631_cam3.jpg,2
./esca_dataset/healthy/healthy_632_cam3.jpg,2
./esca_dataset/healthy/healthy_633_cam3.jpg,2
./esca_dataset/healthy/healthy_634_cam3.jpg,2
./esca_dataset/healthy/healthy_635_cam3.jpg,2
./esca_dataset/healthy/healthy_636_cam3.jpg,2
./esca_dataset/healthy/healthy_637_cam3.jpg,2
./esca_dataset/healthy/healthy_638_cam3.jpg,2
./esca_dataset/healthy/healthy_639_cam3.jpg,2
./esca_dataset/healthy/healthy_640_cam3.jpg,2
./esca_dataset/healthy/healthy_641_cam3.jpg,2
./esca_dataset/healthy/healthy_642_cam3.jpg,2
./esca_dataset/healthy/healthy_643_cam3.jpg,2
./esca_dataset/healthy/healthy_644_cam3.jpg,2
./esca_dataset/healthy/healthy_645_cam3.jpg,2
./esca_dataset/healthy/healthy_646_cam3.jpg,2
./esca_dataset/healthy/healthy_647_cam3.jpg,2
./esca_dataset/healthy/healthy_648_cam3.jpg,2
./esca_dataset/healthy/healthy_649_cam3.jpg,2
./esca_dataset/healthy/healthy_650_cam3.jpg,2
./esca_dataset/healthy/healthy_651_cam3.jpg,2
./esca_dataset/healthy/healthy_652_cam3.jpg,2
./esca_dataset/healthy/healthy_653_cam3.jpg,2
./esca_dataset/healthy/healthy_654_cam3.jpg,2
./esca_dataset/healthy/healthy_655_cam3.jpg,2
./esca_dataset/healthy/healthy_656_cam3.jpg,2
./esca_dataset/healthy/healthy_657_cam3.jpg,2
./esca_dataset/healthy/healthy_658_cam3.jpg,2
./esca_dataset/healthy/healthy_659_cam3.jpg,2
./esca_dataset/healthy/healthy_660_cam3.jpg,2
./esca_dataset/healthy/healthy_661_cam3.jpg,2
./esca_dataset/healthy/healthy_662_cam3.jpg,2
./esca_dataset/healthy/healthy_663_cam3.jpg,2
./esca_dataset/healthy/healthy_664_cam3.jpg,2
./esca_dataset/healthy/healthy_665_cam3.jpg,2
./esca_dataset/healthy/healthy_666_cam3.jpg,2
./esca_dataset/healthy/healthy_667_cam3.jpg,2
./esca_dataset/healthy/healthy_668_cam3.jpg,2
./esca_dataset/healthy/healthy_669_cam3.jpg,2
./esca_dataset/healthy/healthy_670_cam3.jpg,2
./esca_dataset/healthy/healthy_671_cam3.jpg,2
./esca_dataset/healthy/healthy_672_cam3.jpg,2
./esca_dataset/healthy/healthy_673_cam3.jpg,2
./esca_dataset/healthy/healthy_674_cam3.jpg,2
./esca_dataset/healthy/healthy_675_cam3.jpg,2
./esca_dataset/healthy/healthy_676_cam3.jpg,2
./esca_dataset/healthy/healthy_677_cam3.jpg,2
./esca_dataset/healthy/healthy_678_cam3.jpg,2
./esca_dataset/healthy/healthy_679_cam3.jpg,2
./esca_dataset/healthy/healthy_680_cam3.jpg,2
./esca_dataset/healthy/healthy_681_cam3.jpg,2
./esca_dataset/healthy/healthy_682_cam3.jpg,2
./esca_dataset/healthy/healthy_683_cam3.jpg,2
./esca_dataset/healthy/healthy_684_cam3.jpg,2
./esca_dataset/healthy/healthy_685_cam3.jpg,2
./esca_dataset/healthy/healthy_686_cam3.jpg,2
./esca_dataset/healthy/healthy_687_cam3.jpg,2
./esca_dataset/healthy/healthy_688_cam3.jpg,2
./esca_dataset/healthy/healthy_689_cam3.jpg,2
./esca_dataset/healthy/healthy_690_cam3.jpg,2
./esca_dataset/healthy/healthy_691_cam3.jpg,2
./esca_dataset/healthy/healthy_692_cam3.jpg,2
./esca_dataset/healthy/healthy_693_cam3.jpg,2
./esca_dataset/healthy/healthy_694_cam3.jpg,2
./esca_dataset/healthy/healthy_695_cam3.jpg,2
./esca_dataset/healthy/healthy_696_cam3.jpg,2
./esca_dataset/healthy/healthy_697_cam3.jpg,2
./esca_dataset/healthy/healthy_698_cam3.jpg,2
./esca_dataset/healthy/healthy_699_cam3.jpg,2
./esca_dataset/healthy/healthy_700_cam3.jpg,2
./esca_dataset/healthy/healthy_701_cam3.jpg,2
./esca_dataset/healthy/healthy_702_cam3.jpg,2
./esca_dataset/healthy/healthy_703_cam3.jpg,2
./esca_dataset/healthy/healthy_704_cam3.jpg,2
./esca_dataset/healthy/healthy_705_cam3.jpg,2
./esca_dataset/healthy/healthy_706_cam3.jpg,2
./esca_dataset/healthy/healthy_707_cam3.jpg,2
./esca_dataset/healthy/healthy_708_cam3.jpg,2
./esca_dataset/healthy/healthy_709_cam3.jpg,2
./esca_dataset/healthy/healthy_710_cam3.jpg,2
./esca_dataset/healthy/healthy_711_cam3.jpg,2
./esca_dataset/healthy/healthy_712_cam3.jpg,2
./esca_dataset/healthy/healthy_713_cam3.jpg,2
./esca_dataset/healthy/healthy_714_cam3.jpg,2
./esca_dataset/healthy/healthy_715_cam3.jpg,2
./esca_dataset/healthy/healthy_716_cam3.jpg,2
./esca_dataset/healthy/healthy_717_cam3.jpg,2
./esca_dataset/healthy/healthy_718_cam3.jpg,2
./esca_dataset/healthy/healthy_719_cam3.jpg,2
./esca_dataset/healthy/healthy_720_cam3.jpg,2
./esca_dataset/healthy/healthy_721_cam3.jpg,2
./esca_dataset/healthy/healthy_722_cam3.jpg,2
./esca_dataset/healthy/healthy_723_cam3.jpg,2
./esca_dataset/healthy/healthy_724_cam3.jpg,2
./esca_dataset/healthy/healthy_725_cam3.jpg,2
./esca_dataset/healthy/healthy_726_cam3.jpg,2
./esca_dataset/healthy/healthy_727_cam3.jpg,2
./esca_dataset/healthy/healthy_728_cam3.jpg,2
./esca_dataset/healthy/healthy_729_cam3.jpg,2
./esca_dataset/healthy/healthy_730_cam3.jpg,2
./esca_dataset/healthy/healthy_731_cam3.jpg,2
./esca_dataset/healthy/healthy_732_cam3.jpg,2
./esca_dataset/healthy/healthy_733_cam3.jpg,2
./esca_dataset/healthy/healthy_734_cam3.jpg,2
./esca_dataset/healthy/healthy_735_cam3.jpg,2
./esca_dataset/healthy/healthy_736_cam3.jpg,2
./esca_dataset/healthy/healthy_737_cam3.jpg,2
./esca_dataset/healthy/healthy_738_cam3.jpg,2
./esca_dataset/healthy/healthy_739_cam3.jpg,2
./esca_dataset/healthy/healthy_740_cam3.jpg,2
./esca_dataset/healthy/healthy_741_cam3.jpg,2
./esca_dataset/healthy/healthy_742_cam3.jpg,2
./esca_dataset/healthy/healthy_743_cam3.jpg,2
./esca_dataset/healthy/healthy_744_cam3.jpg,2
./esca_dataset/healthy/healthy_745_cam3.jpg,2
./esca_dataset/healthy/healthy_746_cam3.jpg,2
./esca_dataset/healthy/healthy_747_cam3.jpg,2
./esca_dataset/healthy/healthy_748_cam3.jpg,2
./esca_dataset/healthy/healthy_749_cam3.jpg,2
./esca_dataset/healthy/healthy_750_cam3.jpg,2
./esca_dataset/healthy/healthy_751_cam3.jpg,2
./esca_dataset/healthy/healthy_752_cam3.jpg,2
./esca_dataset/healthy/healthy_753_cam3.jpg,2
./esca_dataset/healthy/healthy_754_cam3.jpg,2
./esca_dataset/healthy/healthy_755_cam3.jpg,2
./esca_dataset/healthy/healthy_756_cam3.jpg,2
./esca_dataset/healthy/healthy_757_cam3.jpg,2
./esca_dataset/healthy/healthy_758_cam3.jpg,2
./esca_dataset/healthy/healthy_759_cam3.jpg,2
./esca_dataset/healthy/healthy_760_cam3.jpg,2
./esca_dataset/healthy/healthy_761_cam3.jpg,2
./esca_dataset/healthy/healthy_762_cam3.jpg,2
./esca_dataset/healthy/healthy_763_cam3.jpg,2
./esca_dataset/healthy/healthy_764_cam3.jpg,2
./esca_dataset/healthy/healthy_765_cam3.jpg,2
./esca_dataset/healthy/healthy_766_cam3.jpg,2
./esca_dataset/healthy/healthy_767_cam3.jpg,2
./esca_dataset/healthy/healthy_768_cam3.jpg,2
./esca_dataset/healthy/healthy_769_cam3.jpg,2
./esca_dataset/healthy/healthy_770_cam3.jpg,2
./esca_dataset/healthy/healthy_771_cam3.jpg,2
./esca_dataset/healthy/healthy_772_cam3.jpg,2
./esca_dataset/healthy/healthy_773_cam3.jpg,2
./esca_dataset/healthy/healthy_774_cam3.jpg,2
./esca_dataset/healthy/healthy_775_cam3.jpg,2
./esca_dataset/healthy/healthy_776_cam3.jpg,2
./esca_dataset/healthy/healthy_777_cam3.jpg,2
./esca_dataset/healthy/healthy_778_cam3.jpg,2
./esca_dataset/healthy/healthy_779_cam3.jpg,2
./esca_dataset/healthy/healthy_780_cam3.jpg,2
./esca_dataset/healthy/healthy_781_cam3.jpg,2
./esca_dataset/healthy/healthy_782_cam3.jpg,2
./esca_dataset/healthy/healthy_783_cam3.jpg,2
./esca_dataset/healthy/healthy_784_cam3.jpg,2
./esca_dataset/healthy/healthy_785_cam3.jpg,2
./esca_dataset/healthy/healthy_786_cam3.jpg,2
./esca_dataset/healthy/healthy_787_cam3.jpg,2
./esca_dataset/healthy/healthy_788_cam3.jpg,2
./esca_dataset/healthy/healthy_789_cam3.jpg,2
./esca_dataset/healthy/healthy_790_cam3.jpg,2
./esca_dataset/healthy/healthy_791_cam3.jpg,2
./esca_dataset/healthy/healthy_792_cam3.jpg,2
./esca_dataset/healthy/healthy_793_cam3.jpg,2
./esca_dataset/healthy/healthy_794_cam3.jpg,2
./esca_dataset/healthy/healthy_795_cam3.jpg,2
./esca_dataset/healthy/healthy_796_cam3.jpg,2
./esca_dataset/healthy/healthy_797_cam3.jpg,2
./esca_dataset/healthy/healthy_798_cam3.jpg,2
./esca_dataset/healthy/healthy_799_cam3.jpg,2
./esca_dataset/healthy/healthy_800_cam3.jpg,2
./esca_dataset/healthy/healthy_801_cam3.jpg,2
./esca_dataset/healthy/healthy_802_cam3.jpg,2
./esca_dataset/healthy/healthy_803_cam3.jpg,2
./esca_dataset/healthy/healthy_804_cam3.jpg,2
./esca_dataset/healthy/healthy_805_cam3.jpg,2
./esca_dataset/healthy/healthy_806_cam3.jpg,2
./esca_dataset/healthy/healthy_807_cam3.jpg,2
./esca_dataset/healthy/healthy_808_cam3.jpg,2
./esca_dataset/healthy/healthy_809_cam3.jpg,2
./esca_dataset/healthy/healthy_810_cam3.jpg,2
./esca_dataset/healthy/healthy_811_cam3.jpg,2
./esca_dataset/healthy/healthy_812_cam3.jpg,2
./esca_dataset/healthy/healthy_813_cam3.jpg,2
./esca_dataset/healthy/healthy_814_cam3.jpg,2
./esca_dataset/healthy/healthy_815_cam3.jpg,2
./esca_dataset/healthy/healthy_816_cam3.jpg,2
./esca_dataset/healthy/healthy_817_cam3.jpg,2
./esca_dataset/healthy/healthy_818_cam3.jpg,2
./esca_dataset/healthy/healthy_819_cam3.jpg,2
./esca_dataset/healthy/healthy_820_cam3.jpg,2
./esca_dataset/healthy/healthy_821_cam3.jpg,2
./esca_dataset/healthy/healthy_822_cam3.jpg,2
./esca_dataset/healthy/healthy_823_cam3.jpg,2
./esca_dataset/healthy/healthy_824_cam3.jpg,2
./esca_dataset/healthy/healthy_825_cam3.jpg,2
./esca_dataset/healthy/healthy_826_cam3.jpg,2
./esca_dataset/healthy/healthy_827_cam3.jpg,2
./esca_dataset/healthy/healthy_828_cam3.jpg,2
./esca_dataset/healthy/healthy_829_cam3.jpg,2
./esca_dataset/healthy/healthy_830_cam3.jpg,2
./esca_dataset/healthy/healthy_831_cam3.jpg,2
./esca_dataset/healthy/healthy_832_cam3.jpg,2
./esca_dataset/healthy/healthy_833_cam3.jpg,2
./esca_dataset/healthy/healthy_834_cam3.jpg,2
./esca_dataset/healthy/healthy_835_cam3.jpg,2
./esca_dataset/healthy/healthy_836_cam3.jpg,2
./esca_dataset/healthy/healthy_837_cam3.jpg,2
./esca_dataset/healthy/healthy_838_cam3.jpg,2
./esca_dataset/healthy/healthy_839_cam3.jpg,2
./esca_dataset/healthy/healthy_840_cam3.jpg,2
./esca_dataset/healthy/healthy_841_cam3.jpg,2
./esca_dataset/healthy/healthy_842_cam3.jpg,2
./esca_dataset/healthy/healthy_843_cam3.jpg,2
./esca_dataset/healthy/healthy_844_cam3.jpg,2
./esca_dataset/healthy/healthy_845_cam3.jpg,2
./esca_dataset/healthy/healthy_846_cam3.jpg,2
./esca_dataset/healthy/healthy_847_cam3.jpg,2
./esca_dataset/healthy/healthy_848_cam3.jpg,2
./esca_dataset/healthy/healthy_849_cam3.jpg,2
./esca_dataset/healthy/healthy_850_cam3.jpg,2
./esca_dataset/healthy/healthy_851_cam3.jpg,2
./esca_dataset/healthy/healthy_852_cam3.jpg,2
./esca_dataset/healthy/healthy_853_cam3.jpg,2
./esca_dataset/healthy/healthy_854_cam3.jpg,2
./esca_dataset/healthy/healthy_855_cam3.jpg,2
./esca_dataset/healthy/healthy_856_cam3.jpg,2
./esca_dataset/healthy/healthy_857_cam3.jpg,2
./esca_dataset/healthy/healthy_858_cam3.jpg,2
./esca_dataset/healthy/healthy_859_cam3.jpg,2
./esca_dataset/healthy/healthy_860_cam3.jpg,2
./esca_dataset/healthy/healthy_861_cam3.jpg,2
./esca_dataset/healthy/healthy_862_cam3.jpg,2
./esca_dataset/healthy/healthy_863_cam3.jpg,2
./esca_dataset/healthy/healthy_864_cam3.jpg,2
./esca_dataset/healthy/healthy_865_cam3.jpg,2
./esca_dataset/healthy/healthy_866_cam3.jpg,2
./esca_dataset/healthy/healthy_867_cam3.jpg,2
./esca_dataset/healthy/healthy_868_cam3.jpg,2
./esca_dataset/healthy/healthy_869_cam3.jpg,2
./esca_dataset/healthy/healthy_870_cam3.jpg,2
./esca_dataset/healthy/healthy_871_cam3.jpg,2
./esca_dataset/healthy/healthy_872_cam3.jpg,2
./esca_dataset/healthy/healthy_873_cam3.jpg,2
./esca_dataset/healthy/healthy_874_cam3.jpg,2
./esca_dataset/healthy/healthy_875_cam3.jpg,2
./esca_dataset/healthy/healthy_876_cam3.jpg,2
./esca_dataset/healthy/healthy_877_cam3.jpg,2
./esca_dataset/healthy/healthy_878_cam3.jpg,2
./esca_dataset/healthy/healthy_879_cam3.jpg,2
./esca_dataset/healthy/healthy_880_cam3.jpg,2
./esca_dataset/healthy/healthy_881_cam3.jpg,2
